-- phpMyAdmin SQL Dump
-- version 4.9.5deb2
-- https://www.phpmyadmin.net/
--
-- Host: localhost:3306
-- Generation Time: Aug 31, 2020 at 11:41 PM
-- Server version: 5.7.30-0ubuntu0.18.04.1
-- PHP Version: 7.4.7

SET SQL_MODE = "NO_AUTO_VALUE_ON_ZERO";
SET AUTOCOMMIT = 0;
START TRANSACTION;
SET time_zone = "+00:00";


/*!40101 SET @OLD_CHARACTER_SET_CLIENT=@@CHARACTER_SET_CLIENT */;
/*!40101 SET @OLD_CHARACTER_SET_RESULTS=@@CHARACTER_SET_RESULTS */;
/*!40101 SET @OLD_COLLATION_CONNECTION=@@COLLATION_CONNECTION */;
/*!40101 SET NAMES utf8mb4 */;

--
-- Database: `ecoleenligne`
--

-- --------------------------------------------------------

--
-- Table structure for table `answer`
--

CREATE TABLE `answer` (
  `id` int(11) NOT NULL,
  `student_id` int(11) NOT NULL,
  `question_id` int(11) NOT NULL,
  `choice_id` int(11) NOT NULL,
  `quiz_attempt_id` int(11) NOT NULL
) ENGINE=InnoDB DEFAULT CHARSET=utf8 COLLATE=utf8_unicode_ci;

--
-- Dumping data for table `answer`
--

INSERT INTO `answer` (`id`, `student_id`, `question_id`, `choice_id`, `quiz_attempt_id`) VALUES
(1, 17, 1, 3, 1),
(2, 17, 2, 5, 2),
(3, 17, 3, 10, 3);

-- --------------------------------------------------------

--
-- Table structure for table `choice`
--

CREATE TABLE `choice` (
  `id` int(11) NOT NULL,
  `question_id` int(11) NOT NULL,
  `content` varchar(255) COLLATE utf8_unicode_ci NOT NULL,
  `is_answer` tinyint(1) NOT NULL
) ENGINE=InnoDB DEFAULT CHARSET=utf8 COLLATE=utf8_unicode_ci;

--
-- Dumping data for table `choice`
--

INSERT INTO `choice` (`id`, `question_id`, `content`, `is_answer`) VALUES
(1, 1, 'Repudiandae reprehenderit rem ut consequatur.', 1),
(2, 1, 'Architecto ut alias dolorem.', 0),
(3, 1, 'Commodi culpa voluptatibus praesentium reprehenderit excepturi architecto amet.', 0),
(4, 1, 'Voluptatem aliquid error similique distinctio facere voluptates fugit.', 0),
(5, 2, 'Magni ducimus nihil qui possimus aut labore alias.', 1),
(6, 2, 'Numquam iste necessitatibus nulla laboriosam.', 0),
(7, 2, 'Voluptatem a consequatur dolorem quos beatae.', 0),
(8, 2, 'Quam minus et omnis et.', 0),
(9, 2, 'Quo nostrum asperiores placeat sit vero ut doloribus ipsum.', 0),
(10, 3, 'Voluptatum natus autem expedita numquam nulla adipisci.', 1),
(11, 3, 'In architecto consequatur id consequatur odio tempore non consequatur.', 0),
(12, 3, 'Non vel praesentium corporis aut eos accusamus.', 0),
(13, 3, 'Nihil qui atque et consequatur distinctio.', 0),
(14, 3, 'Sunt odit ex quo voluptatem debitis ducimus facere.', 0),
(15, 4, 'Aliquid maxime magnam harum aliquid fuga possimus deleniti aut.', 1),
(16, 4, 'Natus sunt sit nemo vel.', 0),
(17, 4, 'Eligendi doloribus esse blanditiis non qui ea.', 0),
(18, 4, 'Eaque veniam accusantium eligendi cum nam vel veritatis.', 0),
(19, 5, 'Voluptatem ipsam voluptas sunt aliquam aut ea.', 1),
(20, 5, 'Adipisci inventore repudiandae laudantium dolorem eaque asperiores.', 0),
(21, 5, 'Tempora cupiditate vel soluta autem molestiae quia.', 0),
(22, 5, 'Necessitatibus animi voluptas aut itaque.', 0),
(23, 6, 'Sed ea ut dignissimos rem enim.', 1),
(24, 6, 'Tempore perspiciatis provident vel.', 0),
(25, 6, 'Officiis doloremque est quos officiis quas numquam.', 0),
(26, 6, 'Ea quas dignissimos labore inventore quasi labore ut.', 0),
(27, 7, 'Ea et aut sed aut sit iste nisi esse.', 1),
(28, 7, 'Voluptatem id et doloremque voluptates rerum id distinctio.', 0),
(29, 7, 'Tenetur placeat laborum natus quos dolores corrupti recusandae aut.', 0),
(30, 7, 'Illo tenetur qui ut consequatur quae enim temporibus.', 0),
(31, 8, 'Aut numquam reiciendis eaque ut et voluptatem molestiae.', 1),
(32, 8, 'Aut qui error minima neque at.', 0),
(33, 8, 'Et impedit excepturi dignissimos omnis et inventore sapiente.', 0),
(34, 9, 'Ut deleniti tempora est vero.', 1),
(35, 9, 'Odio minima minima qui neque illo qui maiores.', 0),
(36, 9, 'Eos quae aut recusandae et.', 0),
(37, 10, 'Aut ullam pariatur facere in quos ut ducimus.', 1),
(38, 10, 'Enim dolore facere vel.', 0),
(39, 10, 'Autem dolorem molestias aliquam maiores esse.', 0),
(40, 10, 'Eius autem libero rerum in corporis.', 0),
(41, 11, 'Libero sapiente dolorum laboriosam est iure.', 1),
(42, 11, 'Ducimus deleniti in repellendus occaecati necessitatibus vitae.', 0),
(43, 11, 'Odit quia nihil praesentium.', 0),
(44, 11, 'Porro reiciendis voluptatem animi non sint illum.', 0),
(45, 11, 'Illum ad voluptates dolores.', 0),
(46, 11, 'Cumque ut voluptate ratione ab ut laboriosam ea.', 0),
(47, 12, 'Optio mollitia optio nulla.', 1),
(48, 12, 'Maxime ut perferendis dignissimos amet magnam maxime.', 0),
(49, 12, 'Aut excepturi vitae suscipit facere.', 0),
(50, 13, 'Aliquam quas quae nobis.', 1),
(51, 13, 'Laudantium rerum et reiciendis et.', 0),
(52, 13, 'Possimus sapiente in aliquam possimus.', 0),
(53, 13, 'Similique reprehenderit neque sed dolorem magnam.', 0),
(54, 13, 'Quasi ab quo in nihil vero.', 0),
(55, 14, 'Quia delectus blanditiis optio distinctio ut occaecati optio.', 1),
(56, 14, 'Ipsam in dolore facilis totam atque sed incidunt.', 0),
(57, 14, 'Optio dolor quis pariatur maxime voluptatum sit alias.', 0),
(58, 14, 'Fugiat at debitis velit quia aut et iure.', 0),
(59, 14, 'Quis laudantium minus consequuntur nulla aut pariatur repellat.', 0),
(60, 14, 'Enim est aut minus ullam quisquam eius.', 0),
(61, 15, 'Dolor neque culpa accusamus voluptatibus.', 1),
(62, 15, 'Non vero odio rem nulla et et.', 0),
(63, 15, 'Omnis aliquid necessitatibus sed suscipit architecto.', 0),
(64, 15, 'Voluptatem sit illo omnis maiores omnis.', 0);

-- --------------------------------------------------------

--
-- Table structure for table `course`
--

CREATE TABLE `course` (
  `id` int(11) NOT NULL,
  `teacher` int(11) DEFAULT NULL,
  `level` int(11) DEFAULT NULL,
  `subject` int(11) DEFAULT NULL,
  `name` varchar(255) COLLATE utf8_unicode_ci NOT NULL,
  `description` longtext COLLATE utf8_unicode_ci NOT NULL,
  `is_valid` tinyint(1) DEFAULT NULL,
  `content` longtext COLLATE utf8_unicode_ci NOT NULL,
  `date_creation` datetime NOT NULL,
  `date_update` datetime NOT NULL,
  `image` varchar(255) COLLATE utf8_unicode_ci NOT NULL
) ENGINE=InnoDB DEFAULT CHARSET=utf8 COLLATE=utf8_unicode_ci;

--
-- Dumping data for table `course`
--

INSERT INTO `course` (`id`, `teacher`, `level`, `subject`, `name`, `description`, `is_valid`, `content`, `date_creation`, `date_update`, `image`) VALUES
(1, 2, 1, 1, 'Quia dolorum ipsum sapiente deleniti ex odio.', 'Numquam officiis laboriosam sit pariatur. Quae deserunt incidunt ut et. Est nobis natus ex et explicabo officia ut.', 1, 'D\'abord, ce fut tout. Un quart de la campagne, montant et descendant les rues tièdes sont vides, quand les poiriers fleurirent. Dès le commencement de juillet, elle compta sur ses cheveux d\'après les recommandations du coiffeur, et elle se rappela les assiduités de Rodolphe, elle l\'avait laissé, le porte-cigares en soie verte. Elle le trouvait bien un peu fanée! Ils retrouvaient toujours les sentiments. Mais à cette invention du couvre-pied: -- Pourquoi ne point éveiller Charles qui polissonnait dans la cathédrale. Il lui sembla bon. -- Comme vous l\'avez congédié! dit-elle en balbutiant; je viens de chez lui, où Emma, tout à l\'aise sur des précipices, et, à mesure que le tympan qui la chassait de sa bouche la réveilla. En rentrant chez elle, se plut dans la cuisine, pour qu\'il eût au moins la chance d\'un événement. Une aventure amenait parfois des péripéties à l\'infini, et le soir pour faire la conversation. Charles était triste: la clientèle augmenterait; il y a, de Tostes.', '1980-05-09 09:56:52', '1980-05-09 09:56:52', '1.jpg'),
(2, 14, 1, 1, 'Accusantium iusto provident dolorem non necessitatibus excepturi qui.', 'Enim ut corporis aut pariatur. Et vel et cumque quia maiores nihil quia ad. Officia doloremque et iure nulla.', 1, 'Barèges, robs dépuratifs, médecine Raspail, racahout des Arabes, pastilles Darcet, pâte Regnault, bandages; bains, chocolats de santé, chemin faisant, comprit aux discours de son tablier les deux mains dans ses bras pour se détacher. Félicité s\'agenouilla devant le tablier. Charles avait, de plus, six bâtons de sucre candi qu\'il avait promis d\'anéantir cette procuration... -- Comment? -- Oh! c\'est que ça lui a passé, dit-on. -- Mais, dit le pharmacien. -- L\'attendre? Et M. Bovary, comment va-t-il? Elle semblait déterminée à le laisser parler sans l\'interrompre. Croisant les bras avec un sentiment de siccité au pharynx, puis des chameaux accroupis; -- le tout droit comme une Babylone où elle crut entendre dans les grands, où l\'appelle son âge. Resté dans l\'angle, derrière la porte, poussait un peu en écartant les bras, et il restait là, le menton dans la pièce voisine. Charles le lui faire cet insigne honneur d\'accepter à déjeuner. On envoya chercher des cigares à Saint-Victor et fuma.', '1977-02-08 19:09:13', '1977-02-08 19:09:13', '2.png'),
(3, 14, 7, 4, 'Commodi sunt odio officiis commodi quia praesentium modi non.', 'Quia impedit totam vero est. Necessitatibus et enim vel sit perferendis incidunt. Nemo dolorem soluta doloribus eius commodi.', 1, 'La santé avant tout! Tu as les passeports? -- Oui. -- Mais le dénigrement de ceux qui descendent au fond d\'elle-même. -- Allons, bon! des larmes! -- Vous ferez excuse, monsieur; car dans notre malheureux pays, du moment qu\'on n\'est pas l\'argent qui m\'inquiète... Je vous quitte... Adieu!... J\'irai loin..., si loin, que vous l\'oubliez. Voilà le printemps bientôt; nous vous ferons tirer un lapin dans la pharmacie: -- Ce n\'est rien!... Ouvre la fenêtre..., j\'étouffe! Et elle lança bien loin son bonnet grec sur l\'oreille et sa lumière tranquille, semblait tout commode pour vous. Mais cette tendresse à son magasin; Félicité oublia; il avait peine à remuer les coudes, effiloquée par le sentier au bord de l\'eau, sous la grande corde et se laissât pousser une dernière pudeur, et alors la foule et la serviette nouée dans le ventre, crevé, enfin. Et quand on passait, et galopaient, galopaient... Il y a huit jours... il y eut donc collationné quelques feuilles et emporte à l\'abîme le coeur de.', '1995-12-21 23:19:11', '1995-12-21 23:19:11', ''),
(4, 14, 9, 1, 'Expedita consectetur labore veritatis qui tempora reprehenderit consequatur doloremque.', 'Quas veritatis delectus et nam voluptatem. Dignissimos aut ex suscipit porro accusamus.', 1, 'Et, bien qu\'il connût ce pauvre diable, il feignit de le revoir; mais il donnait maintenant dans un bassin de marbre blanc, dont les cheveux sur les collines. -- Tu la liras demain; d\'ici là, je le peux, répondit-il. N\'avaient-ils rien autre chose que la bonne femme. Emma ouvrit la main; leurs yeux se reportèrent sur Charles: elle remarqua même avec surprise qu\'il n\'avait jamais songé, quoiqu\'elle eût trente ans, qu\'il en pense? -- Lui! fit-elle avec un singulier sourire, je ne peux pas m\'expatrier, avoir la nuit noire, il arrivait dans le feuillage; mais ils n\'avaient sans doute elle n\'en finissait. Emma priait, ou plutôt un regret immense et qui s\'imaginaient qu\'Hippolyte allait reparaître marchant droit. Puis Charles, ayant bouclé son malade dans le coin, à gauche, des minarets tartares à l\'horizon, entre le contour de sa collerette. Elle restait brisée, haletante, inerte, sanglotant à voix basse et avec cette devise: _Amor nel cor_ se rencontra. -- Cela me fait de ce qu\'il y.', '1972-09-18 04:54:33', '1972-09-18 04:54:33', ''),
(5, 2, 8, 2, 'Similique modi dolor laboriosam est.', 'Illum aut velit consequatur deserunt illo quaerat et similique. Excepturi consequuntur molestiae deserunt ullam sint ex.', 0, 'Charles répondit qu\'ils s\'en allaient sur la table des fermes, entrait son bras dans un endroit que l\'on marchait sur le bouton des portes en cristal, le parquet resta libre pour les Bertaux. Encore endormi par la bride: elle s\'arrêta court devant la maison du médecin. -- C\'est la faute de la classe. -- Plus haut! cria le Suisse, portant sous son bras nu, depuis le théâtre de Rouen voir l\'illustre ténor Lagardy. Homais s\'étonnant de ce silence, voulut savoir son opinion, n\'était digne de ces jours que je compte sur vous, par exemple; avec une table, un tas de farceurs qui se trouvait là, c\'est-à-dire un peu neuve encore, mais qui se traînaient sur les dalles comme le paysage tout entier avait l\'air si triste, qu\'à la Huchette; Binet donc avait deviné d\'où elle ne désemplissait pas et en gros caractères: «Maître Hareng, huissier à Buchy», l\'effraya si fort, s\'agite en bas, dans la salle basse d\'un cabaret, qui avait aimé l\'église pour ses convoitises personnelles. À table même, elle.', '2020-02-27 16:42:41', '2020-02-27 16:42:41', ''),
(6, 2, 6, 5, 'Provident nihil dolorem quaerat aut itaque est voluptatum.', 'Quo in quidem reprehenderit ab qui. Voluptate voluptatem ut totam perspiciatis exercitationem aut. Et harum a autem doloribus molestias.', 1, 'Un homme, au contraire, ne devait-il pas, tout connaître, exceller en des désirs adultères. Elle aurait voulu savoir leurs existences, y pénétrer, s\'y confondre. Mais elle dit vivement: -- Ah! pardon, dit-il en offrant la main sur son prie-Dieu gothique, elle adressait au Seigneur les mêmes buissons, les arbres, et l\'on vous fourre des remèdes sans s\'inquiéter de rien, Monsieur, continuellement engourdi dans une attitude pensive et napoléonienne. Mais, quand la cuisinière entrant, déposa sur la hanche poussaient par intervalles un cri aigu. Il se reprochait de ne point se gêner dans ses voyages à Paris... Eh! quand ce ne serait pas déplacée dans une atmosphère vermeille. La vie nombreuse qui s\'agitait en ce tumulte y était fort, il battait Charles à plein double-six. Puis, les deux pouces restaient infléchis dans la chapelle de Vassonville. Il entra dans sa poche et saisit Emma par le pont, par la traduction des écrivains. Mais elle dit d\'une voix furieuse, arrêta, comme le clerc.', '1979-10-01 06:33:33', '1979-10-01 06:33:33', ''),
(7, 2, 9, 3, 'Aliquid voluptates minus similique rerum nulla.', 'Ut animi praesentium saepe saepe. Quisquam est illum earum labore molestias non. Voluptatem aut aliquam est qui non.', 1, 'Cherche-les, dit Emma. Le lendemain, à organiser leurs rendez-vous; Emma voulait ne plus revoir Emma; et maintenant, au contraire, porté à l\'apoplexie. Et, d\'ailleurs, quelle manie de salicoques! La campagne était toute pleine de concupiscence et de l\'argent. À propos d\'un mot, il se meurt!... J\'en perds la tête! Charles se perdait confusément dans l\'entourage des choses, dans le jardin. On l\'appelait. La mère de famille ne s\'inquiète pas de flanelle, je n\'attrape aucun rhume, le coffre est bon! Je vis tantôt d\'une manière, tantôt d\'une autre, en philosophe, au hasard sur la rue, tourner à gauche, celle qui regardait la Place. Le petit gars, se coulant alors par un groom en culotte courte, tournaient, tournaient entre les doigts. Et, comme elle était là depuis un siècle de lumières, on s\'obstine encore à l\'étranger tant de bouleversements. Mais, entre la grande route et leur existence serait facile et large comme leurs vêtements de soie, toute chaude et frémissante comme une.', '2019-06-08 10:27:33', '2019-06-08 10:27:33', ''),
(8, 14, 10, 4, 'Voluptatem saepe voluptatem laborum.', 'Laboriosam quaerat voluptas dolor dolore eum qui. Placeat earum nesciunt suscipit quisquam quae ut. Ut ipsum quia eveniet. Eius sit sed impedit vel.', 1, 'Basse et couverte de tuiles supporté par une vapeur blanchâtre, comme la main. Justin, debout, baissait la tête, lui parla encore de si près, ses yeux verdâtres et tirant la langue, il se laissait aller au salon, Emma vit la carriole s\'éloignant, dont les clochers aigus portaient des turbans rouges. Le coeur d\'Emma lui revenait. Mais peu à peu, ses gémissements furent plus forts. Un hurlement sourd lui échappa; elle prétendit qu\'elle allait mieux et qu\'elle s\'en retournait ainsi, elle crut presque apercevoir son père à lui-même avait possédé si peu de thé; ça vous fortifiera, ou bien quelque branche des chèvrefeuilles et des bonnets de fourrure rabattus sur des chaises et un homme qui devait être le correspondant pour les paroles qu\'ils se croyaient là dans la compagnie des nouveaux venus, et l\'on vous fourre des remèdes sans s\'inquiéter de l\'horizon que le commun de la foule, avait l\'air aussi calme qu\'auparavant, et Charles s\'engagea pour des raisons majeures. Alors on vit le père.', '2002-01-14 02:49:24', '2002-01-14 02:49:24', ''),
(9, 2, 10, 3, 'Dolor maxime provident culpa eum vel.', 'Consequatur perspiciatis aut accusantium aut non. In consectetur quo et nobis itaque. Fuga quia et vero. Amet unde distinctio quas.', 1, 'Elle avait, de plus, six bâtons de sucre lorsque le pharmacien alla lui dire: --Tu prétends donc en faire sortir les trois arches d\'un pont, et, au bout du jardin, près de lui voir enfin manifester une volonté quelconque. Elle en témoigna davantage à mesure que se serrait davantage l\'intimité de leur habit, causaient avec les professeurs. Et il se trouvait dans une grande. ville, comme à grands pas, faisant sonner contre le mur: vous pourrez le voir dans Yonville. La Place, dès le duo récitatif où Gilbert expose à son chapeau? Malgré les explications d\'Emma, dès le potage. Le lendemain, au point de douleur. Son état, jusqu\'à présent, ne laisse rien à obtenir; et elle s\'arrêtait d\'elle-même devant ces bourgeois épanouis, ce demi-siècle de servitude. -- Approchez, vénérable Catherine-Nicaise-Élisabeth Leroux! dit M. Boulanger. -- Madame Bovary! fit Homais. Je m\'empresse d\'aller lui offrir mes hommages. Peut-être qu\'elle sera bien aise d\'avoir une robe de chambre. La nouvelle bonne.', '2013-02-09 17:22:37', '2013-02-09 17:22:37', ''),
(10, 2, 8, 5, 'Ex hic molestiae odio.', 'Sint optio iure veritatis at eius ab sed. Consequatur corrupti adipisci sapiente voluptatem. Dignissimos sapiente natus sit qui.', 1, 'Emma avait pleuré, s\'était emportée; elle avait maintenant le jardin la plate- bande dont elle avait l\'expérience du plaisir et ses yeux tout autour d\'elle, lentement, comme quelqu\'un qui se recourbaient. Sa joue à l\'épiderme suave rougissait -- pensait-elle: -- du moins, c\'était dans un passé lointain, comme si elle vivait comme perdue dans un endroit public. Emma attendit Léon trois quarts du temps qu\'il faisait, de tête, des calculs compliqués, à effrayer Binet lui-même. Poli jusqu\'à l\'obséquiosité, il se passait, après manger, la langue sur les flots; et le nouveau était un mensonge imaginé pour le déménagement, que toute espérance, et il le contemplait d\'une manière tendre, suppliante. Elle se souvenait... Un jour, enfin, il s\'assit pour déjeuner, tout en atteignant sur la bouche; deux vases en fonte sont à leur aise et lui dit: -- Comment vais-je signer, maintenant? se dit-il. D\'ailleurs, Charles n\'était point sa propre cause. -- Sortez! fit-il impérieusement. Et ils sortirent.', '2003-05-27 11:49:10', '2003-05-27 11:49:10', '');

-- --------------------------------------------------------

--
-- Table structure for table `course_content`
--

CREATE TABLE `course_content` (
  `id` int(11) NOT NULL,
  `course_id` int(11) NOT NULL,
  `path` varchar(255) COLLATE utf8_unicode_ci DEFAULT NULL,
  `title` varchar(255) COLLATE utf8_unicode_ci DEFAULT NULL,
  `type` varchar(10) COLLATE utf8_unicode_ci NOT NULL
) ENGINE=InnoDB DEFAULT CHARSET=utf8 COLLATE=utf8_unicode_ci;

--
-- Dumping data for table `course_content`
--

INSERT INTO `course_content` (`id`, `course_id`, `path`, `title`, `type`) VALUES
(1, 1, 'http://www.profmath.uqam.ca/~charbon/UTA455/textes/Operationsarithmetiques.pdf', 'premier cours', '1'),
(2, 1, 'http://exo7.emath.fr/cours/ch_dl.pdf', 'deuxième cours', '1'),
(3, 2, 'http://www.ancestralauthor.com/download/sample.pdf', 'troisième cours', '1'),
(4, 3, 'http://www.ancestralauthor.com/tutorial/tutorial.pdf', 'Français elementaire', '1'),
(5, 1, 'https://webusers.imj-prg.fr/~alessandro.chiodo/LU1MA002/exomov/F05E06.mp4', 'calcul fréquenciel', '2');

-- --------------------------------------------------------

--
-- Table structure for table `desktop_document`
--

CREATE TABLE `desktop_document` (
  `id` int(11) NOT NULL,
  `student_id` int(11) NOT NULL,
  `name` varchar(255) COLLATE utf8_unicode_ci NOT NULL
) ENGINE=InnoDB DEFAULT CHARSET=utf8 COLLATE=utf8_unicode_ci;

--
-- Dumping data for table `desktop_document`
--

INSERT INTO `desktop_document` (`id`, `student_id`, `name`) VALUES
(2, 17, 'Broadcast'),
(3, 17, 'doc2'),
(26, 17, 'videoplayback.mp4'),
(27, 17, 'Periode-3-etre-et-avoir-au-present.pdf'),
(28, 17, 'IMG_20200811_003138.jpg');

-- --------------------------------------------------------

--
-- Table structure for table `document`
--

CREATE TABLE `document` (
  `id` int(11) NOT NULL,
  `course_id` int(11) NOT NULL,
  `name` varchar(150) COLLATE utf8_unicode_ci NOT NULL,
  `description` varchar(255) COLLATE utf8_unicode_ci NOT NULL
) ENGINE=InnoDB DEFAULT CHARSET=utf8 COLLATE=utf8_unicode_ci;

--
-- Dumping data for table `document`
--

INSERT INTO `document` (`id`, `course_id`, `name`, `description`) VALUES
(1, 7, 'Vous sentez le.', 'C\'était la première ablation de maxillaire supérieur, n\'avaient certes le coeur de ces bras, quelque chose d\'elle, il alla se joindre dans un verre suspendu. Sa lumière, de loin, par-dessus la haie.'),
(2, 2, 'Se moque-t-elle de.', 'Et, le secouant par ses baisers; et elle se plut dans la journée à se remplir, et les grosses pantoufles de couleur jaune, longue de taille, large de jupe), sa robe de barège, étalée sur le.'),
(3, 8, 'Félicité.', 'Langlois qui, depuis longtemps, guignait la propriété sans faire connaître son logement, le trouva dans sa tête, un appartement. Il y avait plaisir à considérer M. Bovary comme un réseau, la lumière.'),
(4, 6, 'Charles avait le.', 'Et il ajoutait: «On y a des personnes lorsqu\'il le jugeait convenable pour un diplomate; il vous saignait les gens qui ne se moquait pas, quand un coup de pied. Le portrait de la face de lui.'),
(5, 5, 'Nous faisions du.', 'Enfin il sortit. Alors Emma, débarrassée, poussa un cri, Charles accourait. -- Ah! pas encore! restons! dit Bovary. Il se trouvait point malade. -- Non, non, elle est exécrable, je vous aie connue?.'),
(6, 6, 'Il lui écrivait.', 'Ce que l\'on va raconter; rien, en effet, et même, sans les colzas de l\'an passé, eût été le signal de leur vie; un détachement intérieur se faisait qui la regardait avec des figures furieuses. Il y.'),
(7, 2, 'Léon. -- Comment?.', 'Elle avait des paroles douces d\'une voix mielleuse: -- Et que va-t-il arriver, maintenant? reprit-elle. -- Oh! ce n\'est pas prévenu la veille au soir M. et madame Tuvache, on vous l\'a pas volée!.'),
(8, 6, 'Dans leurs regards.', 'La bonne dame s\'en chargea: elle devait quand elle passerait par Rouen, aller en personne chez vous! -- Comment? -- Ah! qu\'il doit être loin déjà! pensa-t-elle. M. Homais, à cette suavité nouvelle.'),
(9, 5, 'Elle s\'acheta un.', 'Telle est du moins que tu aies de la pharmacie. Il parut lui-même, haletant, rouge, inquiet, et demandant à tous les comptes rendus de premières représentations, de courses et de vins du Rhin, des.'),
(10, 3, 'Les dames de la.', 'Vous irez? demanda-t-elle. -- Oui. -- Eh bien!... je suis venu chez vous; mais vous ne le connaissez guère; il est le curé? demanda madame Bovary poussa la bière dessus. Il la vit prendre à ses yeux.');

-- --------------------------------------------------------

--
-- Table structure for table `event`
--

CREATE TABLE `event` (
  `id` int(11) NOT NULL,
  `student_id` int(11) NOT NULL,
  `title` varchar(255) COLLATE utf8_unicode_ci NOT NULL,
  `url` longtext COLLATE utf8_unicode_ci,
  `class` varchar(255) COLLATE utf8_unicode_ci NOT NULL,
  `content` longtext COLLATE utf8_unicode_ci,
  `start_date` datetime NOT NULL,
  `end_date` datetime DEFAULT NULL
) ENGINE=InnoDB DEFAULT CHARSET=utf8 COLLATE=utf8_unicode_ci;

--
-- Dumping data for table `event`
--

INSERT INTO `event` (`id`, `student_id`, `title`, `url`, `class`, `content`, `start_date`, `end_date`) VALUES
(1, 17, 'Ut provident dignissimos deserunt.', NULL, 'event-warning', 'Dupuytren allant ouvrir un abcès à travers des torrents, des cabanes suspendues sur des précipices, et, à gauche, comme pour gagner sa place), que l\'on voyait sur la grande route et leur placidité.', '2020-04-07 17:28:45', '2020-04-07 17:28:45'),
(2, 6, 'Laboriosam unde iste veritatis porro.', NULL, 'event-inverse', 'Comme les matelots en détresse, elle promenait sur la boutique: -- Annette! n\'oublie pas les civilités qui lui tapait dans la forte saison, touche vingt-cinq, trente centigrades tout au hasard.', '2020-04-17 16:05:10', '2020-04-17 16:05:10'),
(3, 6, 'Quo doloremque non nostrum repellat laudantium inventore.', NULL, 'event-important', 'Et même j\'ai lu que différentes personnes s\'étaient trouvées intoxiquées, docteur, et comme un grand sanglot, puis il ajouta quelques excuses. Tuvache y répondit par un signe, elle refermait la.', '2020-03-28 02:42:53', '2020-03-28 02:42:53'),
(4, 6, 'Similique et rerum quam ratione laudantium est.', NULL, 'event-info', 'Botocudos? Charles, cependant, avait essayé plusieurs fois de suite envia le calme du tombeau, et même, un jour, contre son ventre. Un battement de métronome, tandis qu\'à travers le brouillard, le.', '2020-04-18 03:53:37', '2020-04-18 03:53:37'),
(5, 6, 'Facere occaecati qui quibusdam est.', NULL, 'event-success', 'On le voyait continuellement sur la table un carton entre les dents. La foule stationnait contre le mur; l\'auvent s\'était rabattu, la cliquette tremblait encore. Le lendemain, à la ferme plus.', '2020-03-28 08:32:45', '2020-03-28 08:32:45'),
(6, 6, 'Ea corrupti quo sit nobis dolor recusandae.', NULL, 'event-inverse', 'Conférences de l\'abbé Frayssinous, et, le lendemain, tandis que le commun de la voiture s\'élancer, ce sera comme une poche de son fils, de lui donner tout, de lui mettre sa couronne. Il fallut.', '2020-04-02 14:11:13', '2020-04-02 14:11:13'),
(7, 6, 'Quia earum aut aut et facere minus saepe eveniet.', NULL, 'event-special', 'Ce ne sont pas les ménages? Et il continua donc à louer une petite queue enroulée d\'un ruban noir. C\'était le compte. Elle entendit des pas dans cette lecture. Tandis qu\'il étudiait les équins, les.', '2020-04-12 02:14:28', '2020-04-12 02:14:28'),
(8, 6, 'Est ratione sed magni inventore molestiae reiciendis quia error.', NULL, 'event-success', 'On disait qu\'une princesse polonaise, l\'écoutant un soir chanter sur la dépense. Il y eut une agitation sur l\'estrade, de longs chuchotements, des pourparlers. Enfin, M. Larivière allait partir.', '2020-04-03 13:04:30', '2020-04-03 13:04:30'),
(9, 6, 'Cupiditate aut qui quae suscipit fuga esse.', NULL, 'event-info', 'Mais, pour elle, n\'y touchait point, un jour où, ainsi près de la Vierge, où, s\'agenouillant contre une chaise, elle se mettait près d\'elle; ils regardaient ensemble les gravures et s\'attendaient au.', '2020-03-29 09:02:24', '2020-03-29 09:02:24'),
(10, 6, 'Aperiam sequi sed quia iste optio molestiae consequatur voluptates.', NULL, 'event-success', 'L\'ecclésiastique se contenta de pousser une pointe au menton, pour ressembler aux portraits de Louis XI, un peu de neige tombait. Au bruit de la tête phrénologique, qui fut pour lui, le Vicomte!.', '2020-04-03 11:54:49', '2020-04-03 11:54:49'),
(11, 9, 'Est temporibus dolores corporis ut sunt temporibus vel.', NULL, 'event-inverse', 'Charles, dans la grange; puis on revenait à lui exposer sa situation. Maître Guillaumin la connaissait, étant lié secrètement avec le marchand d\'étoffes. Elle le reversait au dehors, l\'abandonnait.', '2020-03-27 00:21:51', '2020-03-27 00:21:51'),
(12, 9, 'Sapiente quae perspiciatis laudantium est eveniet.', NULL, 'event-info', 'Son robuste aplomb avait fasciné les campagnards. Ils le regardaient sérieusement et presque pleurant de soif, de fatigue et de sa clenche. Sans qu\'il s\'en trouverait mieux pour plaire aux femmes.', '2020-03-27 10:19:54', '2020-03-27 10:19:54'),
(13, 9, 'Molestias voluptatem non vel nihil quae neque rerum.', NULL, 'event-success', 'Emma fit sa toilette avec la mère Bovary s\'effraya pour le cidre! Ce n\'est pas votre petit vol, ce pauvre Yanoda qui s\'est enfui; vous vous faites tort! vous vous trouverez, grâce aux folies qu\'il a.', '2020-04-06 08:16:02', '2020-04-06 08:16:02'),
(14, 9, 'Esse natus sunt dolor aliquid itaque accusamus.', NULL, 'event-important', 'En effet, le temps de collège, où il y avait contre la religion et dans l\'orgueil de sa vieillesse. Souvent des défaillances la prenaient. Un jour qu\'il était parti ventre à terre; et, tout le.', '2020-04-10 09:25:21', '2020-04-10 09:25:21'),
(15, 9, 'Illo praesentium est iusto voluptatem iusto.', NULL, 'event-special', 'Un flot de sang sont venues sur la fascination de sa pharmacie, racontait en quelle décadence elle était à vendre. Alors elles se réuniront, s\'aimeront, parce que la moindre de ses douleurs, de.', '2020-04-01 16:00:45', '2020-04-01 16:00:45'),
(16, 9, 'Cupiditate voluptas dolorem dolor sint perferendis.', NULL, 'event-info', 'Et ce teint pâle!... Moi, qui adore les femmes des théories qu\'elle croyait entendre s\'échapper comme une pomme. Ensuite il se dirigeait vers la troisième personne, apporter un verre d\'orgeat. Il.', '2020-04-04 08:50:12', '2020-04-04 08:50:12'),
(17, 9, 'Dolores veritatis accusamus hic aut porro nemo.', NULL, 'event-important', 'Charles ne la quittât plus. Charles, pour distraire Madame, de la différence, voyez-vous, entre quelqu\'un qui salue ou qui court au tournant de la terrasse. Rodolphe venait l\'y chercher et en volant.', '2020-04-21 20:03:31', '2020-04-21 20:03:31'),
(18, 9, 'Eveniet ex repellendus inventore quia quia.', NULL, 'event-success', 'Rouen, dans la grande route à la pensée; et il allait se mettre en mesure, les jupes se bouffaient et frôlaient, les mains jointes, les yeux avec les cendres froides. Entre la fenêtre et s\'accouda.', '2020-04-01 18:38:34', '2020-04-01 18:38:34'),
(19, 9, 'Nihil impedit ipsam recusandae ut rem voluptas maiores.', NULL, 'event-special', 'La sienne était au commencement d\'avril, quand les mareyeurs, dans leurs nids jaunes, sous les branches. Les chiens de garde à la fois la semaine. Emma n\'en doutait pas. Elle était, d\'ailleurs.', '2020-04-23 15:13:10', '2020-04-23 15:13:10'),
(20, 9, 'Exercitationem aliquid porro quas consequatur sapiente ratione tenetur.', NULL, 'event-warning', 'Elle lui prit les violettes, et, rafraîchissant dessus ses yeux bleus; tout son être comme les pigeons du Lion d\'or, partout; et, dans tout cela, tu verras. Et toi... tu te rendras malade! Il était.', '2020-03-28 04:15:57', '2020-03-28 04:15:57'),
(21, 10, 'Numquam sed aut ratione molestiae.', NULL, 'event-inverse', 'Lion d\'or, le docteur, criant très haut, et le pharmacien arriva. La servante parut; Emma comprit, et demanda quelqu\'un pour lui qu\'elle se donnait de ne pas apercevoir la diligence. Hivert, qui.', '2020-03-29 04:40:16', '2020-03-29 04:40:16'),
(22, 10, 'Omnis inventore est quae nesciunt.', NULL, 'event-inverse', 'C\'est là qu\'ils s\'arrêteraient pour vivre; ils habiteraient une maison de campagne, vous fait faire, entre deux murs de bauge couverts d\'abricots en espalier, jusqu\'à une haie d\'épines qui le.', '2020-03-29 11:44:41', '2020-03-29 11:44:41'),
(23, 10, 'Voluptatum adipisci ut quam soluta est.', NULL, 'event-info', 'Emma sentait une odeur de poussière qui la soulagerait dans sa pensée, malgré les propos du monde, elle ajouta: -- Je cours, dit l\'apothicaire, chercher dans mon laboratoire, un peu baissée, la main.', '2020-03-27 10:45:21', '2020-03-27 10:45:21'),
(24, 10, 'Consequatur in necessitatibus voluptas.', NULL, 'event-important', 'Les petits Homais aussi recommença. C\'était une de nos praticiens les plus nobles, les sympathies les plus intimes, fut, comme un mouton, chérissant ses enfants, son père, sa mère, avec de l\'encre.', '2020-04-14 18:48:16', '2020-04-14 18:48:16'),
(25, 10, 'Sapiente numquam perspiciatis nam provident recusandae laborum quia dolor.', NULL, 'event-inverse', 'Les mots lui manquaient point: I° S\'être, lors du pied-bot, était très contente, très heureuse, que Tostes lui plaisait beaucoup, et même nous comptons dans la contemplation vous élève l\'âme et.', '2020-04-13 14:55:42', '2020-04-13 14:55:42'),
(26, 10, 'Tenetur distinctio sed voluptas ut eaque.', NULL, 'event-warning', 'Le Marquis, pour amuser la jeune femme se sentait faible en marchant; les cailloux du trottoir la blessaient; elle hésita si elle vivait comme perdue dans toute leur histoire. Venait ensuite.', '2020-04-05 05:35:17', '2020-04-05 05:35:17'),
(27, 10, 'Tenetur laudantium ut consequatur unde magni architecto.', NULL, 'event-success', 'Montchauvet, comte de la cloche. Il diminuait avec les boucles d\'oreilles du pauvre père Tellier, qui, enfin contraint de vendre, avait acheté à Quincampoix un maigre fonds d\'épicerie, où il le.', '2020-04-24 16:14:36', '2020-04-24 16:14:36'),
(28, 10, 'Sed fugit illum eum molestias qui.', NULL, 'event-warning', 'Charles, dans la main à sa personne. Alors, sûr d\'être aimé, il ne s\'en souvenait plus. D\'ailleurs, elle ne la dirige et qu\'aucune espérance ne la soutient. Il était en relation avec les doigts.', '2020-04-18 02:46:21', '2020-04-18 02:46:21'),
(29, 10, 'Unde nisi distinctio in iure debitis expedita.', NULL, 'event-inverse', 'Il affectait un air boudeur, chercha mille excuses, et déclara finalement que cela peut-être semblerait drôle. -- Ah! faites! faites! sauvez-la... Puis, revenu près de la sacristie. Les enfants en.', '2020-03-31 10:13:45', '2020-03-31 10:13:45'),
(30, 10, 'Rerum quo laborum et rerum vel soluta.', NULL, 'event-warning', 'J\'aurais besoin d\'un manteau, un grand feu. Le déjeuner des gens de son fils, de lui dire: -- Ce n\'est pas finie; nous en aurons plus tard. Mais, aujourd\'hui, faute de la rivière. On l\'aperçoit de.', '2020-04-20 14:00:29', '2020-04-20 14:00:29'),
(31, 11, 'Ut sit repellendus similique debitis enim.', NULL, 'event-important', 'Par lassitude, Charles cessa de retourner aux Bertaux. Héloïse lui avait donné à Madame le surplus de l\'argent. M. Lheureux, à défaut d\'autres, lui prendrait certainement. Elle s\'acheta un prie-Dieu.', '2020-04-05 05:55:38', '2020-04-05 05:55:38'),
(32, 11, 'Rem hic aut quo ducimus ut velit.', NULL, 'event-info', 'Charles répondit que cela fait? Charles s\'alla réfugier dans son silence. Il en refusa plusieurs; elle insista, et enfin Charles répondit qu\'ils s\'en allaient dès le seuil de leur fils en l\'attelant.', '2020-03-30 02:14:00', '2020-03-30 02:14:00'),
(33, 11, 'Iusto aut fugit numquam illum eos autem delectus.', NULL, 'event-special', 'Elle s\'arrêta. Puis, l\'ayant considéré quelques minutes à remuer tout bas qui tombaient sur des feuilles de chêne, faisant face à face, sans parler. Souvent, du haut en bas, dans l\'antichambre.', '2020-04-02 21:58:16', '2020-04-02 21:58:16'),
(34, 11, 'Minus velit quos et dicta quod fugit.', NULL, 'event-warning', 'Charles suivit son conseil. Il retourna aux Bertaux; il retrouva tout comme la Guérine, la fille d\'un marchand bonnetier, devenue amoureuse de sa robe, les pores égaux de sa première pratique, sa.', '2020-04-12 01:36:07', '2020-04-12 01:36:07'),
(35, 11, 'Et qui sapiente adipisci consectetur.', NULL, 'event-special', 'Hippolyte le regardait en haussant les épaules. Que n\'avait-elle, au moins, pour mari un de ces auberges comme il n\'y a, de Tostes recommencèrent. Elle s\'estimait à présent leur vie passée.', '2020-04-23 06:44:45', '2020-04-23 06:44:45'),
(36, 11, 'Voluptatem fugiat eos atque aliquam voluptates magnam quod.', NULL, 'event-warning', 'J\'ai les mains jointes, les yeux si farouches, que le terme en approchait, il la chargea de se les rappeler, d\'en compléter le sens, afin de pouvoir amortir ses anciennes dettes. Lheureux refusa de.', '2020-04-03 20:39:49', '2020-04-03 20:39:49'),
(37, 11, 'Impedit ut excepturi magnam sunt.', NULL, 'event-special', 'Lheureux était encore si longue, qu\'il n\'y avait jamais vu. -- Eh non! pourquoi déclamer contre les carreaux. Ils étaient à l\'hôtel de Boulogne au bras du vicomte, et dont quelques-uns, débris de.', '2020-04-05 01:58:13', '2020-04-05 01:58:13'),
(38, 11, 'Rem earum tempore laudantium blanditiis eveniet soluta aut dolor.', NULL, 'event-inverse', 'Puis elle se renversa la tête renversée, tout en désir, elle ouvrait les auvents étaient fermés. Par les fentes du bois, une de ces mots si doux qui la scandalisa. Rodolphe réfléchit beaucoup à.', '2020-04-11 21:35:18', '2020-04-11 21:35:18'),
(39, 11, 'Sint rem autem fugiat doloribus voluptas quam et.', NULL, 'event-info', 'Elle avait tant dépensé pour les pauvres. Et, sans écouter la mère Lefrançois; ils t\'ont déjà bien assez martyrisé? tu vas nous montrer la comédie. L\'Aveugle s\'affaissa sur ses hanches comme une.', '2020-03-31 14:37:21', '2020-03-31 14:37:21'),
(40, 11, 'Adipisci impedit ratione natus at.', NULL, 'event-info', 'On était aux premiers jours d\'octobre. Il y avait au milieu d\'une compagnie si nombreuse; et, intérieurement effarouchée par les métaphores les plus nobles, les sympathies les plus nobles, les.', '2020-04-12 18:15:35', '2020-04-12 18:15:35');

-- --------------------------------------------------------

--
-- Table structure for table `exam`
--

CREATE TABLE `exam` (
  `id` int(11) NOT NULL,
  `course_id` int(11) NOT NULL,
  `content` longtext COLLATE utf8_unicode_ci NOT NULL,
  `correction` longtext COLLATE utf8_unicode_ci NOT NULL
) ENGINE=InnoDB DEFAULT CHARSET=utf8 COLLATE=utf8_unicode_ci;

--
-- Dumping data for table `exam`
--

INSERT INTO `exam` (`id`, `course_id`, `content`, `correction`) VALUES
(1, 6, 'Madame Bovary détourna la conversation. Ce qu\'il y avait pour l\'extraction des dents une poigne d\'enfer. Enfin, pour se bien marquer la mesure à lui-même. Le programme des cours, debout sur le.', 'Hippolyte figurer dans des petits boutons, et elles beuglaient de temps à autre, elle s\'arrêtait plus blême et plus tremblante que les époux Bovary devaient arriver à Yonville, confectionnait sa.'),
(2, 6, 'Comme j\'ai été assez bon pour vous. Mais les hommes vivaient de glands, au fond de la Vierge, il étendit les bras croisés, dans une sorte d\'association, un commerce continuel de livres et de.', 'Elle se sentait devenir fou. Le jour commençait à s\'y poser. S\'il le fallait, cependant! Il la voyait par derrière, en vous penchant sur son lit. Une saveur âcre qu\'elle sentait dans sa cachette.'),
(3, 2, 'Mais il y avait un dernier rayon du soleil. Le vent, sur la joue, le sang sortit. Madame Bovary mère voulut s\'en aller. Et, tandis qu\'il ôtait et remettait vite de l\'autre côté, à droite, contre le.', 'Mais qui donc fournit à notre souverain, à ce que vous ne l\'aimiez pas! Allez-vous-en! L\'ecclésiastique le prit et l\'alla porter au grenier, tandis qu\'assise dans un endroit plus large, où l\'on.'),
(4, 1, 'Ce fut donc avec joie qu\'elle aperçut, en arrivant un grand demi-verre d\'eau-de-vie, et, comme une Poussière d\'or qui se dirigent vers les nuages, parut à elle-même bien sotte et bien peignés. Elle.', 'L\'amour, peu à peu, Rodolphe en était devenue amoureuse. Elle s\'était acheté un buvard, une papeterie, un porte-plume et des enveloppes, quoiqu\'elle n\'eût personne à présent une bague, un véritable.'),
(5, 4, 'Mais Charles, donnant au harnais un dernier coup d\'oeil, la ville toutes les assiettes, était renversée; de la nuit, l\'esprit tranquille, la chair et les mêmes qui avaient des existences où le.', 'Elle le charmait autrefois l\'effrayait un peu émue. Vous savez, les hommes... -- Puisque vous en donnerais, s\'il le voulait, car il en parla même à ce qu\'il y avait tout autour d\'elle un murmure de.'),
(6, 3, 'Elle descendit l\'escalier, se retenant de courir. Les quadrilles étaient commencés. Il arrivait du monde. On se poussait. Elle se rassit et la femme du pharmacien que trente-six heures après.', 'Charles le payement de sa conduite, et, par le vin bleu; et qui, sentant le liquide froid lui couler dans les brumes de l\'horizon. Elle ne demandait qu\'à s\'appuyer sur quelque chose de mûr.'),
(7, 10, 'Mais, s\'il y avait dedans? De l\'arsenic! et tu as raison, c\'est dans ce geste du pharmacien donnant des conseils pour l\'interdiction des romans; puis, le soir, malgré leur indépendance, ne pouvaient.', 'En effet, au plus immortel chef-d\'oeuvre de la boîte à chapeau qui était la femme de grands chapeaux de paille! On les prendrait de loin Félicité, qui se tenait à sa guise; il ne l\'avait tant aimée.'),
(8, 9, 'Rodolphe s\'assit brusquement à son bras, Emma vit autour du cadran solaire; elle demanda même pourquoi donc elle exécrait l\'autre; jamais Charles ne dissimulait rien. Il l\'appelait ma femme, la.', 'Banneville, près du lit, tandis qu\'elle regardait à peine. Elle aurait voulu ne plus voir dans cette affaire. Il le donnait à croire, tant il se traînait dans la salle des gardes et ménestrels. Elle.'),
(9, 6, 'Et puis la garda sur son bureau les trois semaines qu\'elles étaient restées ensemble, elles n\'avaient pas échangé quatre paroles, à part les cas ordinaires d\'entérite, bronchite, affections.', 'Oh! c\'est que je l\'avais placée à mon mari, vous savez comme il essayait à soulever les charrettes sur ses épaules fit craquer le dossier de sa figure. Elle souriait là- dessous à la vue d\'un.'),
(10, 10, 'On en voit qui circulent isolément, et qui, tout le monde était aux premiers temps que Charles l\'écoutait, elle recommença quatre fois la semaine. Emma n\'en apercevait que deux ou trois clients, et.', 'Lheureux en la possession d\'eux-mêmes, qu\'ils se disaient, et le père Rouault, en riant doucement. -- Sens donc: quelle odeur! fit-il en jurant épouvantablement. N\'importe, c\'était une surprise.');

-- --------------------------------------------------------

--
-- Table structure for table `exercise`
--

CREATE TABLE `exercise` (
  `id` int(11) NOT NULL,
  `course_id` int(11) NOT NULL,
  `content` longtext COLLATE utf8_unicode_ci NOT NULL,
  `correction` longtext COLLATE utf8_unicode_ci NOT NULL
) ENGINE=InnoDB DEFAULT CHARSET=utf8 COLLATE=utf8_unicode_ci;

--
-- Dumping data for table `exercise`
--

INSERT INTO `exercise` (`id`, `course_id`, `content`, `correction`) VALUES
(1, 2, 'On parla d\'abord du malade, célébrité vite acquise à l\'opérateur. Pourquoi votre mari, par exemple, le secret de la soupe est servie. Et il allait aux Bertaux passèrent la nuit était pluvieuse, ils.', 'Souvent elle s\'obstinait à ne point se découvrir la tête, il lui sembla que l\'on pourrait peut-être à un enfant qui se perdait avec une dame. Comment donc avait-elle appris cette corruption, presque.'),
(2, 9, 'Bertaux. La dernière journée s\'était écoulée en deux mots: À Dieu! ce qu\'il jugeait d\'un excellent goût. -- Comment vas-tu? disaient-ils en lui disant: -- Excusez-moi, madame. Puis, remontée chez.', 'Puis, que de grands espaces pleins de soleil. Les poulains hennissaient quand on les lisait au dortoir. Maniant délicatement leurs belles reliures de satin, blanche comme une machine: -- M. Tuvache.'),
(3, 5, 'Bovary en était garni de liège, et il se jeta dans le Bas-Diauville pour une personne du sexe, qui sont comme l\'huile dont on graisse les bistouris. Afin d\'avoir des attelles, on alla chercher, sous.', 'Rodolphe y trempa son doigt les larges portes tapissées; elle aspira de toute sa poitrine effleurer le dos contre la boiserie. -- Monsieur a tort! Elle aura quatre cent quarante pieds, neuf de moins.'),
(4, 8, 'C\'est une chose aussi simple que l\'amour. Charles, sollicité par l\'apothicaire et le pharmacien dédaigneusement. Je ne sais comment... Mais, pardon! Longuermarre et Boudet! sac à papier! voulez-vous.', 'Elle accoucha un dimanche, comme l\'inscription porte; et, au-dessous, cet homme prêt à descendre au tombeau vous figure exactement le même. Il n\'est point possible, n\'est-ce pas, qui te donne des.'),
(5, 6, 'Ce n\'était pas là un gendre comme il allait à la messe, et que la grande croix d\'argent se dressait l\'eau de vie dans des corbeilles à jour s\'étageaient sur la peau, qui se traînaient au loin, au.', 'Et il se rappela ce jour n\'avait pris en considération les pénibles labeurs, venez recevoir la croix d\'honneur du Conseiller, elle demeurait tout immobile, ne sachant s\'il fallait s\'avancer ou.'),
(6, 8, 'Ça me purgera, objectait-il à tous les soirs, un feu de voyageurs abandonné sur ses biens, mais en lui demandant quelque sirop pour sa montre! Oh! rien du tout; mais l\'idée seulement du mien qui.', 'M. Lieuvain se rassit alors; M. Derozerays se posait ce problème. Du magnétisme, peu à peu se confondirent en sa présence, l\'émotion tombait, et il les serrait, tressaillant à chaque rendez-vous le.'),
(7, 8, 'Puis des larmes dans la doublure de son bonheur. Au lit, le matin, autour du poêle. D\'ailleurs, il se renversait sur sa conduite; et, afin de se douter que le terme en approchait, il la regardait.).', 'Les murs étaient neufs, et les mélancolies. Il se désespérait, voulait appeler. -- N\'en dis rien, tout retomberait sur ton amitié, je suis malheureux! que je ne mangeais plus; l\'idée d\'aller.'),
(8, 1, 'L\'église a été rebâtie à neuf heures (on ne voyait que les célébrités. -- Cherche-les, dit Emma. C\'est se moquer, je vous revoie... une fois... une seule. -- Eh bien? -- Non! mais..., n\'importe, je.', 'Couchée sur le compte de leur existence), et l\'on voyait s\'enfuir sous les buissons, les arbres, les chemins, les fossés, Rodolphe, et elle répétait d\'une voix défaillante. Il bondit au sac.'),
(9, 3, 'Et, pour remettre en mémoire toutes les semaines, à peu les facultés, et, lorsque apparut l\'omelette au rhum, on prétend qu\'au dernier acte il est difficile de s\'entendre par correspondance. Alors.', 'Félicité, qui se traînait, et elle regardait dans l\'église, en faisant dès la pointe du sabre en l\'air. Il entendait peut-être, mais il se remettait à écrire, trempant sa plume dans l\'encrier de.'),
(10, 2, 'Il arrivait du monde. La soirée fut charmante, pleine de gaieté, malgré sa splendeur un peu ses mains frémissantes essayaient. -- Ah! si j\'avais trouvé quelqu\'un... Oh! comme j\'aurais dépensé toute.', 'En rentrant chez elle, arrangeait avec Félicité, sur la jambe, et avec l\'accent résigné des douleurs infinies: -- Non, disait Emma. -- Oui! tant de mal pour ces misérables quittances. -- Oh! non, se.');

-- --------------------------------------------------------

--
-- Table structure for table `forum`
--

CREATE TABLE `forum` (
  `id` int(11) NOT NULL,
  `level` int(11) NOT NULL
) ENGINE=InnoDB DEFAULT CHARSET=utf8 COLLATE=utf8_unicode_ci;

--
-- Dumping data for table `forum`
--

INSERT INTO `forum` (`id`, `level`) VALUES
(1, 1),
(2, 2),
(3, 3),
(4, 4),
(5, 5),
(6, 6),
(7, 7),
(8, 8),
(9, 9),
(10, 10),
(11, 11);

-- --------------------------------------------------------

--
-- Table structure for table `historic_action`
--

CREATE TABLE `historic_action` (
  `id` int(11) NOT NULL,
  `actor_id` int(11) NOT NULL,
  `description` varchar(255) COLLATE utf8_unicode_ci NOT NULL,
  `date` datetime NOT NULL,
  `link` varchar(500) COLLATE utf8_unicode_ci DEFAULT NULL
) ENGINE=InnoDB DEFAULT CHARSET=utf8 COLLATE=utf8_unicode_ci;

--
-- Dumping data for table `historic_action`
--

INSERT INTO `historic_action` (`id`, `actor_id`, `description`, `date`, `link`) VALUES
(1, 17, 'Ajout du document sur mon bureau webservices Restful architecture', '2020-06-23 11:01:50', '/student/desktop/document'),
(2, 1, 'Désactivation du compte de onlineschool606@gmail.com', '2020-06-23 11:05:46', NULL),
(3, 21, 'Association du compte étudiant de prenom1', '2020-06-23 11:10:08', '/tutor/subscription/list'),
(4, 21, 'Souscription d\'un nouvel abonnement pour prenom1', '2020-06-23 11:10:55', '/tutor/subscription/list'),
(5, 22, 'Modification des mon mot de passe', '2020-06-25 00:50:27', NULL),
(6, 22, 'Modification des mon mot de passe', '2020-06-25 00:51:28', NULL),
(7, 17, 'Désactivation de l\'abonnement actif ', '2020-06-27 22:29:07', NULL),
(8, 17, 'Souscription d\'un nouvel abonnement \r\n        pour le niveau Terminale S', '2020-06-27 22:31:06', '/student/subscription/'),
(9, 17, 'Prolongation de l\'abonnement actif d\'un mois', '2020-07-06 21:18:30', '/student/subscription/'),
(10, 17, 'Prolongation de l\'abonnement actif d\'un an', '2020-07-06 21:18:39', '/student/subscription/'),
(11, 17, 'Prolongation de l\'abonnement actif d\'un mois', '2020-07-06 21:18:52', '/student/subscription/'),
(18, 17, 'Association du compte étudiant de Sebastiane', '2020-07-08 20:08:26', '/tutor/subscription/list'),
(19, 17, 'Association du compte étudiant de Sebastiane', '2020-07-08 20:14:58', '/tutor/subscription/list'),
(23, 23, 'Association du compte étudiant de Édouard', '2020-07-09 01:33:29', '/tutor/subscription/list'),
(24, 23, 'Dissociation du compte étudiant de Édouard', '2020-07-09 01:34:20', NULL),
(25, 17, 'Désactivation de l\'abonnement actif ', '2020-07-10 14:27:04', NULL),
(26, 17, 'Souscription d\'un nouvel abonnement \r\n        pour le niveau Seconde', '2020-07-10 14:35:55', '/student/subscription/'),
(27, 3, 'Souscription d\'un nouvel abonnement \r\n        pour le niveau Première L', '2020-07-10 22:43:50', '/student/subscription/'),
(28, 17, 'Suppression du document sur mon bureau webservices Restful architecture', '2020-07-16 19:43:36', NULL),
(29, 17, 'Ajout du document sur mon bureau Broadcast', '2020-07-16 19:51:37', '/student/desktop/document'),
(30, 17, 'Modification du document sur mon bureau Broadcast', '2020-07-16 19:51:47', '/student/desktop/document'),
(31, 17, 'Ajout du document sur mon bureau doc2', '2020-07-16 23:44:47', '/student/desktop/document'),
(32, 17, 'Participation au quiz du cours Quia dolorum ipsum sapiente deleniti ex odio.', '2020-07-17 13:36:23', '/course/1/quiz/show'),
(33, 17, 'Participation au quiz du cours Quia dolorum ipsum sapiente deleniti ex odio.', '2020-07-17 13:36:34', '/course/1/quiz/show'),
(34, 17, 'Participation au quiz du cours Quia dolorum ipsum sapiente deleniti ex odio.', '2020-07-17 13:36:45', '/course/1/quiz/show'),
(35, 17, 'Ajout du document sur mon bureau ma video', '2020-07-17 15:22:36', '/student/desktop/document'),
(36, 17, 'Suppression du document sur mon bureau ma video', '2020-07-17 15:23:02', NULL),
(37, 17, 'Ajout du document sur mon bureau Spring & react', '2020-07-17 20:18:20', '/student/desktop/document'),
(38, 17, 'Ajout du document sur mon bureau test', '2020-08-10 20:49:11', '/student/desktop/document'),
(39, 17, 'Suppression du document sur mon bureau test', '2020-08-10 20:52:55', NULL),
(40, 17, 'Suppression du document sur mon bureau videoplayback.mp4', '2020-08-10 20:53:02', NULL),
(41, 17, 'Suppression du document sur mon bureau videoplayback.mp4', '2020-08-10 20:59:16', NULL),
(42, 17, 'Suppression du document sur mon bureau videoplayback.mp4', '2020-08-10 21:03:02', NULL),
(43, 17, 'Suppression du document sur mon bureau videoplayback.mp4', '2020-08-10 21:03:07', NULL),
(44, 17, 'Suppression du document sur mon bureau videoplayback.mp4', '2020-08-10 21:03:11', NULL),
(45, 17, 'Suppression du document sur mon bureau Periode-3-etre-et-avoir-au-present.pdf', '2020-08-10 23:17:55', NULL),
(46, 17, 'Suppression du document sur mon bureau Periode-3-etre-et-avoir-au-present.pdf', '2020-08-10 23:18:02', NULL),
(47, 17, 'Suppression du document sur mon bureau Periode-3-etre-et-avoir-au-present.pdf', '2020-08-10 23:18:41', NULL),
(48, 17, 'Suppression du document sur mon bureau Periode-3-etre-et-avoir-au-present.pdf', '2020-08-10 23:21:26', NULL),
(49, 17, 'Suppression du document sur mon bureau videoplayback.mp4', '2020-08-10 23:21:41', NULL),
(50, 17, 'Suppression du document sur mon bureau Periode-3-etre-et-avoir-au-present.pdf', '2020-08-10 23:26:03', NULL),
(51, 17, 'Suppression du document sur mon bureau Spring & react', '2020-08-10 23:38:02', NULL),
(52, 17, 'Suppression du document sur mon bureau Periode-3-etre-et-avoir-au-present.pdf', '2020-08-10 23:44:13', NULL),
(53, 17, 'Suppression du document sur mon bureau Periode-3-etre-et-avoir-au-present.pdf', '2020-08-10 23:44:16', NULL),
(54, 17, 'Suppression du document sur mon bureau Periode-3-etre-et-avoir-au-present.pdf', '2020-08-11 00:17:32', NULL),
(55, 17, 'Suppression du document sur mon bureau videoplayback.mp4', '2020-08-11 00:41:08', NULL),
(56, 17, 'Suppression du document sur mon bureau videoplayback.mp4', '2020-08-11 00:48:48', NULL),
(57, 17, 'Suppression du document sur mon bureau videoplayback.mp4', '2020-08-11 00:49:32', NULL);

-- --------------------------------------------------------

--
-- Table structure for table `kinship`
--

CREATE TABLE `kinship` (
  `id` int(11) NOT NULL,
  `tutor_id` int(11) NOT NULL,
  `student_id` int(11) NOT NULL
) ENGINE=InnoDB DEFAULT CHARSET=utf8 COLLATE=utf8_unicode_ci;

--
-- Dumping data for table `kinship`
--

INSERT INTO `kinship` (`id`, `tutor_id`, `student_id`) VALUES
(1, 15, 16),
(2, 4, 10),
(4, 12, 6),
(20, 23, 3),
(21, 23, 17);

-- --------------------------------------------------------

--
-- Table structure for table `level`
--

CREATE TABLE `level` (
  `id` int(11) NOT NULL,
  `name` varchar(150) COLLATE utf8_unicode_ci NOT NULL
) ENGINE=InnoDB DEFAULT CHARSET=utf8 COLLATE=utf8_unicode_ci;

--
-- Dumping data for table `level`
--

INSERT INTO `level` (`id`, `name`) VALUES
(1, 'Sixième'),
(2, 'Cinquième'),
(3, 'Quatrième'),
(4, 'Troisième'),
(5, 'Seconde'),
(6, 'Première L'),
(7, 'Première S'),
(8, 'Première ES'),
(9, 'Terminale L'),
(10, 'Terminale S'),
(11, 'Terminale ES');

-- --------------------------------------------------------

--
-- Table structure for table `level_subject`
--

CREATE TABLE `level_subject` (
  `level_id` int(11) NOT NULL,
  `subject_id` int(11) NOT NULL
) ENGINE=InnoDB DEFAULT CHARSET=utf8 COLLATE=utf8_unicode_ci;

--
-- Dumping data for table `level_subject`
--

INSERT INTO `level_subject` (`level_id`, `subject_id`) VALUES
(1, 1),
(2, 1),
(3, 1),
(4, 1),
(5, 1),
(6, 1),
(7, 1),
(8, 1),
(9, 1),
(10, 1),
(11, 1),
(1, 2),
(2, 2),
(3, 2),
(4, 2),
(5, 2),
(6, 2),
(7, 2),
(8, 2),
(9, 2),
(10, 2),
(11, 2),
(1, 3),
(2, 3),
(3, 3),
(4, 3),
(5, 3),
(6, 3),
(7, 3),
(8, 3),
(9, 3),
(10, 3),
(11, 3),
(3, 4),
(4, 4),
(5, 4),
(6, 4),
(7, 4),
(8, 4),
(9, 4),
(10, 4),
(11, 4),
(1, 5),
(2, 5),
(3, 5),
(4, 5),
(5, 5),
(6, 5),
(7, 5),
(8, 5),
(9, 5),
(10, 5),
(11, 5),
(1, 6),
(2, 6),
(3, 6),
(4, 6),
(5, 6),
(6, 6),
(7, 6),
(8, 6),
(9, 6),
(10, 6),
(11, 6),
(4, 7),
(5, 7),
(7, 7),
(10, 7),
(8, 8),
(11, 8);

-- --------------------------------------------------------

--
-- Table structure for table `member`
--

CREATE TABLE `member` (
  `id` int(11) NOT NULL,
  `email` varchar(180) COLLATE utf8_unicode_ci NOT NULL,
  `roles` json NOT NULL,
  `password` varchar(255) COLLATE utf8_unicode_ci NOT NULL,
  `first_name` varchar(255) COLLATE utf8_unicode_ci NOT NULL,
  `last_name` varchar(255) COLLATE utf8_unicode_ci NOT NULL,
  `is_active` tinyint(1) NOT NULL,
  `date_registration` datetime NOT NULL,
  `date_birth` date DEFAULT NULL,
  `tel` varchar(180) COLLATE utf8_unicode_ci DEFAULT NULL,
  `image` varchar(255) COLLATE utf8_unicode_ci DEFAULT NULL
) ENGINE=InnoDB DEFAULT CHARSET=utf8 COLLATE=utf8_unicode_ci;

--
-- Dumping data for table `member`
--

INSERT INTO `member` (`id`, `email`, `roles`, `password`, `first_name`, `last_name`, `is_active`, `date_registration`, `date_birth`, `tel`, `image`) VALUES
(1, 'admin@gmail.com', '[\"ROLE_ADMIN\"]', '$argon2id$v=19$m=65536,t=4,p=1$pzLB643u+N0ebhqweNfAZA$U+7p+ynacR7SipFkBuIGhSvJf8EPcBF+ZKrg5yWp2Lc', 'Admin', 'Admin', 1, '1979-01-01 17:30:38', '1979-05-25', '', 'default.png'),
(2, 'enseignant@gmail.com', '[\"ROLE_TEACHER\"]', '$argon2id$v=19$m=65536,t=4,p=1$VJt0eb8L7GF6X1BM8SEEIg$Bqb0AogSLtLzsrGRB/UuHFa+J4prRdUFmJ0FNNufjmU', 'François', 'Marques', 1, '2019-09-09 23:04:26', '1948-01-23', '', 'default.png'),
(3, 'etudiant@gmail.com', '[\"ROLE_ADMIN\"]', '$argon2id$v=19$m=65536,t=4,p=1$8vFlotYlDTqldxrRMKf1Rg$R4VD/lqjgZYY+2FGYeo42M5pzYO13zN6M548vQoVrYw', 'Pierre', 'Bernard', 1, '1992-11-25 03:12:21', '1996-02-26', '', 'default.png'),
(4, 'parent@gmail.com', '[\"ROLE_TUTOR\"]', '$argon2id$v=19$m=65536,t=4,p=1$PnLUR+h50aHNEgyl5TUzVQ$fczDddwwAz4Jn05J66TPymPPC2dy7xmFjtt5MQ5H9LM', 'Nathalie', 'Maillot', 1, '2011-02-17 17:08:42', '1932-01-27', '', 'c'),
(5, 'patrick36@girard.fr', '[\"ROLE_TUTOR\"]', '$argon2id$v=19$m=65536,t=4,p=1$D44VPN0JBZIUIbDmYCsxXA$tkKEQhQ15M6oQpPzKsTTg2hiFmansJty6mbBcw8o+Eo', 'Renée', 'Teixeira', 1, '1986-07-30 02:46:46', '1989-11-26', '', 'default.png'),
(6, 'bertin.theophile@chartier.com', '[\"ROLE_STUDENT\"]', '$argon2id$v=19$m=65536,t=4,p=1$lNmXG3rafdirwyHM2LMtgg$pEshclNo4zkLEHNnbC2ifPt9hL4f/vZaGiKkQ9aXi/U', 'Jacques', 'Laurent', 1, '1997-10-26 00:47:24', '2010-02-11', '', 'default.png'),
(7, 'frederique01@bouygtel.fr', '[\"ROLE_TUTOR\"]', '$argon2id$v=19$m=65536,t=4,p=1$mSkZpAFP3Ve1JlBNQ//HFw$+YnCuH/U5Q5rYRQtdXHE6mseElDhnYntg36/SwtIuxw', 'Honoré', 'Dias', 1, '1997-12-28 14:13:18', '1927-11-01', '', 'default.png'),
(8, 'begue.stephane@noos.fr', '[\"ROLE_TUTOR\"]', '$argon2id$v=19$m=65536,t=4,p=1$TtFOs1xNtdSrUhW68KYqZw$p79d0dwL/ebzlqaaiKeAFs2pAPThJTjZPViCzNAHbE0', 'Danielle', 'Le Gall', 1, '2014-03-10 04:40:38', '2010-02-17', '', 'default.png'),
(9, 'aime.delmas@wanadoo.fr', '[\"ROLE_STUDENT\"]', '$argon2id$v=19$m=65536,t=4,p=1$pE3JQdNjUY4uQgrkHTsI4A$exSmbXsXAmzcVScxiHG9Zv2LPNdb5JUp/QBHNPPhC6g', 'Édouard', 'Reynaud', 1, '1970-12-13 14:24:54', '1963-06-29', '', 'default.png'),
(10, 'obarbe@tele2.fr', '[\"ROLE_STUDENT\"]', '$argon2id$v=19$m=65536,t=4,p=1$vg23adYZigDjxrGtgybOBg$Akjtln3ZJQyHCH0D2o+yWgAMwc5xa6ylsoRQm+HwUYY', 'Lorraine', 'Lagarde', 1, '2010-04-16 23:56:48', '1945-03-23', '', 'default.png'),
(11, 'odette02@noos.fr', '[\"ROLE_STUDENT\"]', '$argon2id$v=19$m=65536,t=4,p=1$VB+QhyFGsl0FyNRVrPkpHw$P9PsXq8dvf0gzg0PTXwNfNoTlUE/C4jfdznPLyLtQbM', 'Andrée', 'Hoarau', 1, '1972-04-07 01:31:29', '1984-01-15', '', 'default.png'),
(12, 'edith91@orange.fr', '[\"ROLE_TUTOR\"]', '$argon2id$v=19$m=65536,t=4,p=1$KpqULFeFWeVNKw4YwttmwA$BIpYMxpzqzoO2svYZyzmrW7C0mEVNgS3aygFj1ZRjoA', 'Alix', 'Pereira', 1, '1988-03-13 03:52:48', '1964-11-06', '', 'default.png'),
(13, 'sophie.perez@duhamel.fr', '[\"ROLE_TUTOR\"]', '$argon2id$v=19$m=65536,t=4,p=1$vlp4MjhE5HdS9DTtxijvxg$dxkVE8bEMOYaZNY3iQoGpaVMBHj/4uLZwNQWSJ9ETWQ', 'Robert', 'Rousset', 1, '2012-08-17 23:26:58', '1999-01-27', '', 'default.png'),
(14, 'simone.martinez@bonneau.fr', '[\"ROLE_TEACHER\"]', '$argon2id$v=19$m=65536,t=4,p=1$xT3phGUzvDeiUbVmw/iPSQ$Vk2T1QlTrCk+V+KVWgF1WyWq1ZtpzvAXPpEVzIcTj2s', 'Zoé', 'Lefevre', 1, '2005-05-20 00:09:35', '1932-04-01', '', 'default.png'),
(15, 'jane.doe@gmail.com', '[\"ROLE_TUTOR\"]', '$argon2id$v=19$m=65536,t=4,p=1$6UFR93+KTyAAJTfTk2y2fQ$rXmmEcEZ7c+ZoUAdpv4S2FwEL7u2siHzlshNFW0aLCo', 'Jane', 'Doe', 1, '2006-03-21 15:57:40', '1984-02-08', '', 'default.png'),
(16, 'john.doe@gmail.com', '[\"ROLE_STUDENT\"]', '$argon2id$v=19$m=65536,t=4,p=1$0hv9En3Zd52HTw8fjsl6pQ$60uAuvQd5Fhw5qVVVGNNL6XSZaTXx62H/wfuuiX+GCE', 'John', 'Doe', 1, '1982-05-13 04:29:33', '2007-03-17', '', 'default.png'),
(17, 'karim.dahdouh.fr@gmail.com', '[\"ROLE_STUDENT\"]', '$argon2id$v=19$m=65536,t=4,p=1$GwkA00YgiFQG55+UJm06LA$MfvTzXOb8iPsilvX1HIYEARTxZ83pf0Dy+c8u3fmR6E', 'Coluche', 'Sebastiane', 1, '2020-06-23 10:41:18', '2004-05-19', '', '17.jpg'),
(19, 'onlineschool606@gmail.com', '[\"ROLE_STUDENT\"]', '$argon2id$v=19$m=65536,t=4,p=1$JOlYOUKHg8ggR+6igckckA$ZbmV3o3Mekvm2EiZdi2Vp6Ajh3C6XtpCnYg36bhiHuo', 'parent1Prenom', 'parent1Nom', 0, '2020-06-23 11:04:33', '2020-06-23', '', 'default.png'),
(21, 'parent1@gmail.com', '[\"ROLE_TEACHER\"]', '$argon2id$v=19$m=65536,t=4,p=1$0BM+wesRkeyE+UhpRTnF/Q$WEF1hf4M/VlfOY8PHN4v7ArfBf9JBdqRxSCMGDX0t/o', 'parent1Prenom', 'parent1Nom', 1, '2020-06-23 11:07:04', '2020-06-23', '', 'default.png'),
(22, 'prenom.nom@gmail.com', '[\"ROLE_STUDENT\"]', '$argon2id$v=19$m=65536,t=4,p=1$ioVWRO62QMp5HYV5JADXsA$2MwUzxNsR1JV/hjM3DoB5dfh7KJwulvm2mwyLlopZ8M', 'prenom2', 'nom2', 1, '2020-06-24 19:32:48', '2020-06-24', '', 'default.png'),
(23, 'leo.martin@gmail.com', '[\"ROLE_TUTOR\"]', '$argon2id$v=19$m=65536,t=4,p=1$T9QxmGBwBB1PLu3NcDCXcQ$9f5ipKK5Q1EJVIqo5C4r+oM6sratQe7gHZVbmCLjOMM', 'Martin', 'leo', 1, '2020-06-30 12:13:50', '2000-07-19', '', '23.jpg'),
(24, 'test.test@gmail.com', '[\"ROLE_TUTOR\"]', '$argon2id$v=19$m=65536,t=4,p=1$OGBl9hbV9P1BSCt9VEOjcQ$0e+qo52s14qGUFL3eXBp3F6dzr4s30sIq0qk9Zp0otU', 'testn', 'testp', 1, '2020-06-30 14:29:36', '1992-06-23', '', 'default.png'),
(29, 'test5.jld@gmail.com', '[\"ROLE_STUDENT\"]', '$argon2id$v=19$m=65536,t=4,p=1$z5OgFXNnguvgfJYOm/cwBA$ADaXTP0qnk6U3nsSsp0vkuL9Sq8F8FvH0rYFG0UtfKc', 'test5N', 'test5', 0, '2020-07-21 22:50:52', NULL, '', 'default.png'),
(50, '', '[\"ROLE_STUDENT\"]', '$argon2id$v=19$m=65536,t=4,p=1$IqW8RiuDhqLf2u4EVMOZ1A$B0AQV9TgqjuAo+ReYObFBp7WIhiTg/FZnLOPFVJOJLk', 'Thomas', 'Juliette', 0, '2020-07-24 21:22:54', '2006-10-24', NULL, 'default.png'),
(54, '', '[\"ROLE_STUDENT\"]', '$argon2id$v=19$m=65536,t=4,p=1$0uOnuawbd5+hfW3BXe1I0w$cwMLNyo5VmKc0WD9Vr0jZ7lmiyXcOkdWwT36vjf7uI8', 'Petit', 'Karine', 0, '2020-07-30 14:41:14', '2005-03-28', NULL, 'default.png'),
(55, '', '[\"ROLE_STUDENT\"]', '$argon2id$v=19$m=65536,t=4,p=1$k2jgNVcnsITyB/iq7ZJqgQ$KYYr6Wy1J1RwfeP94JTrCSkH2qXDnEh5YBuzKfxQkSg', 'BUdois', 'Juliette', 0, '2020-08-03 17:06:36', '2022-02-03', NULL, 'default.png'),
(56, 'seriai@lirmm.fr', '[\"ROLE_STUDENT\"]', '$argon2id$v=19$m=65536,t=4,p=1$bzClxoKyrBlhPiVzyqzzGg$z6hg2vKFreQldWcaw1j06lBXLiIHExpTKn6PuVMpYjs', 'Seriai', 'Djamel', 0, '2020-08-11 17:39:54', NULL, '', NULL);

-- --------------------------------------------------------

--
-- Table structure for table `migration_versions`
--

CREATE TABLE `migration_versions` (
  `version` varchar(14) COLLATE utf8_unicode_ci NOT NULL,
  `executed_at` datetime NOT NULL COMMENT '(DC2Type:datetime_immutable)'
) ENGINE=InnoDB DEFAULT CHARSET=utf8 COLLATE=utf8_unicode_ci;

--
-- Dumping data for table `migration_versions`
--

INSERT INTO `migration_versions` (`version`, `executed_at`) VALUES
('20200425130747', '2020-04-25 13:08:00');

-- --------------------------------------------------------

--
-- Table structure for table `payment`
--

CREATE TABLE `payment` (
  `id` int(11) NOT NULL,
  `owner_name` longtext COLLATE utf8_unicode_ci NOT NULL,
  `card_number` longtext COLLATE utf8_unicode_ci NOT NULL,
  `expiration_date` longtext COLLATE utf8_unicode_ci NOT NULL,
  `crypto` longtext COLLATE utf8_unicode_ci NOT NULL,
  `user_id` int(11) NOT NULL
) ENGINE=InnoDB DEFAULT CHARSET=utf8 COLLATE=utf8_unicode_ci;

--
-- Dumping data for table `payment`
--

INSERT INTO `payment` (`id`, `owner_name`, `card_number`, `expiration_date`, `crypto`, `user_id`) VALUES
(5, 'iioooo', '988373283732', '1-2027', '3434', 23);

-- --------------------------------------------------------

--
-- Table structure for table `post`
--

CREATE TABLE `post` (
  `id` int(11) NOT NULL,
  `author` int(11) NOT NULL,
  `topic` int(11) NOT NULL,
  `content` longtext COLLATE utf8_unicode_ci NOT NULL,
  `date` datetime NOT NULL
) ENGINE=InnoDB DEFAULT CHARSET=utf8 COLLATE=utf8_unicode_ci;

--
-- Dumping data for table `post`
--

INSERT INTO `post` (`id`, `author`, `topic`, `content`, `date`) VALUES
(1, 12, 1, 'Mollitia iure ea qui autem eligendi. Architecto ut explicabo vel quas quaerat repudiandae in. Consequatur eos sed sit quas.', '1989-07-07 04:35:08'),
(2, 11, 1, 'Ut optio pariatur id consequatur sint dolor in et. Doloremque exercitationem porro atque harum. Sunt voluptas sed esse dolorum similique ea voluptates occaecati.', '1985-09-14 12:20:17'),
(3, 7, 1, 'Repellat sed et odio debitis. Molestiae non nesciunt laborum quis. Veritatis porro odio provident cumque. Error distinctio rem vel dicta. Modi quisquam et omnis nihil quae.', '2013-01-13 01:08:40'),
(4, 4, 1, 'Blanditiis eos dolor nesciunt repellat et aut. Quia perferendis hic similique blanditiis ad sit similique deleniti. Adipisci fugiat sunt omnis nobis.', '2001-10-12 20:22:47'),
(5, 6, 1, 'Molestiae ducimus inventore et. Dolor maxime odit facilis et nobis natus quia eveniet. A commodi consequatur quaerat. Autem et ex eos eius autem.', '1985-11-19 02:42:22'),
(6, 9, 1, 'Iste sint voluptatem aut temporibus molestiae maxime sed et. Corporis eum distinctio odio natus id nulla. Vitae voluptas rerum accusantium natus. Et quae sint quia quos libero.', '1981-04-13 21:19:38'),
(7, 10, 1, 'Nulla nihil magni sit ipsum tempore iste. Assumenda qui earum commodi qui veritatis. Voluptatum odio et ut neque maiores quia illo. Aperiam esse asperiores animi dolorum ipsam.', '1994-03-16 13:48:25'),
(8, 7, 1, 'Quibusdam sequi ex est. Placeat consequatur voluptatem sed vel necessitatibus id ipsum. Est dignissimos consectetur omnis. Ut cumque et quo.', '2006-10-28 11:01:41'),
(9, 6, 1, 'Inventore corporis molestias et ex pariatur aut velit. Occaecati qui nobis reiciendis sunt rem. Pariatur dolores ut sapiente repellendus doloribus consequatur.', '2018-08-16 06:20:12'),
(10, 9, 1, 'Atque autem et laborum molestiae velit atque quas. Omnis qui et ut qui et et. Ex perspiciatis dolor voluptatem est molestiae laboriosam provident. Unde omnis hic nulla nihil vitae.', '2019-11-10 22:28:00'),
(11, 13, 2, 'Optio cumque culpa beatae veniam et quaerat. Similique pariatur occaecati officia delectus consequatur nihil non. Tempore veniam voluptate fuga natus alias. Amet error autem rerum et cupiditate.', '2005-09-15 17:27:00'),
(12, 14, 2, 'Ratione dicta eos dolore aut dolore consequatur et. Eum velit repellat aliquam voluptatem repudiandae numquam neque. Enim laboriosam sit quia. Aut officia totam dolor sed mollitia fugiat dolor.', '1977-10-24 16:40:28'),
(13, 11, 2, 'Quis ut est asperiores et ab cupiditate. Et vel amet veritatis sit doloribus qui dignissimos. Sit odit deserunt suscipit excepturi sequi aliquid architecto. Ab est enim magnam.', '1979-03-24 05:24:31'),
(14, 11, 2, 'Consequatur ipsa velit voluptas aut iusto saepe et perferendis. Repellendus voluptatem fugiat explicabo facere quia architecto. Dolorum aliquam dolorem maiores beatae omnis minima est.', '2015-10-08 22:39:24'),
(15, 14, 2, 'Accusantium itaque esse modi. Qui nulla quidem autem non doloremque maxime. Voluptatem illum quisquam numquam. Saepe accusamus nulla sed.', '1980-12-06 23:09:48'),
(16, 4, 2, 'Vel molestiae distinctio totam quis. Modi et corrupti ipsum doloremque recusandae. Ea error impedit rem excepturi ex. Laborum nulla dolore sint sit dicta maiores.', '2004-02-27 23:43:17'),
(17, 8, 2, 'Aliquid mollitia enim dicta. Doloribus fugit sequi et rem vel consequuntur. Ut sit velit nihil perferendis possimus sit magni.', '2012-06-13 23:06:28'),
(18, 6, 2, 'Ut harum at eum ab et neque corrupti. Quia architecto quidem pariatur quisquam ducimus expedita neque doloribus. Et qui corporis iure nisi.', '1992-08-14 03:08:24'),
(19, 11, 2, 'Distinctio est et sed dolore quam nostrum qui praesentium. Doloribus sit autem sit rem velit temporibus ipsam. Tempore accusamus aliquam architecto nihil officia.', '1999-05-23 14:50:33'),
(20, 14, 2, 'A commodi quia placeat aut. Ea officiis et libero exercitationem unde iste. Harum occaecati et consequatur quas corrupti fugit et.', '1981-08-13 18:13:03'),
(21, 8, 3, 'In id dolor maxime dolore. Voluptatum ratione aut libero perferendis eum voluptas et veritatis. Voluptatem sunt voluptas beatae.', '2018-05-26 12:01:58'),
(22, 5, 3, 'At quas rem ut deserunt atque nihil enim. Quisquam commodi voluptas voluptas in. Voluptas sit cupiditate eaque eligendi provident reprehenderit. Debitis autem et illo laboriosam.', '2010-08-21 12:18:00'),
(23, 5, 3, 'Ipsum est delectus sit quibusdam. Voluptas minima quis nisi. Cumque aspernatur ratione vero non. Voluptas est voluptas omnis est rerum voluptatem voluptates omnis.', '1976-04-05 21:55:36'),
(24, 9, 3, 'Quia aspernatur quo culpa et soluta cum quo atque. Quia facilis cupiditate ut sed ipsum. Iste necessitatibus dignissimos quasi numquam eum saepe sapiente asperiores. Quia est eius voluptatum qui.', '2002-01-27 11:48:07'),
(25, 6, 3, 'Ut voluptatibus et et sequi eaque. Commodi aliquam consequatur dolorem accusantium ratione. Voluptas dolor laboriosam ducimus facilis quis cumque.', '1973-01-29 07:05:28'),
(26, 5, 3, 'In tempora ipsa fuga id animi ea numquam. Nam beatae quisquam autem atque qui.', '1997-01-22 02:07:12'),
(27, 12, 3, 'Possimus error nihil magnam et aliquam nemo illum. Expedita a quisquam blanditiis ullam. Aut aut nemo possimus quos est.', '1990-09-14 10:40:18'),
(28, 6, 3, 'Iure non ut recusandae. Quia eum quibusdam explicabo esse et. Eum quidem laudantium voluptatum qui magni. Et aliquam aspernatur soluta impedit voluptate.', '2012-07-31 07:56:06'),
(29, 8, 3, 'Iste aliquid et commodi velit autem. Qui vel fugiat suscipit aperiam dolorem. Eum quibusdam labore ipsum eius dolorem in.', '1971-12-26 11:03:21'),
(30, 11, 3, 'Quod aspernatur est veritatis culpa voluptatum soluta voluptatibus. Inventore excepturi atque adipisci facere assumenda dignissimos officia amet.', '1999-12-14 18:57:00'),
(31, 8, 4, 'Nobis laboriosam assumenda quos non. Pariatur cumque quam aut. Aut reprehenderit occaecati ut expedita.', '1970-12-16 22:15:17'),
(32, 13, 4, 'Qui aspernatur hic rem veritatis est. Cumque quia id deserunt excepturi porro odio. Atque nulla eos ea voluptas occaecati.', '1980-12-24 01:16:06'),
(33, 12, 4, 'Sed in nihil error consequuntur quibusdam sunt aut. Excepturi provident corrupti magni aut. Molestiae ipsum atque consequatur nisi quia.', '1998-12-21 15:49:08'),
(34, 13, 4, 'Aliquam sint tempora quia doloribus. Esse voluptas tempora explicabo est non provident. Eius rerum id sed ipsum aut. Id eligendi ullam at dicta. Eum dolores ratione modi repudiandae quia dolores.', '1993-06-25 03:23:07'),
(35, 2, 4, 'Quidem qui id nihil iusto cum voluptas culpa numquam. Et a autem voluptate voluptatum consequuntur magni vel. Quasi et consectetur sint perferendis.', '1987-05-04 12:21:44'),
(36, 2, 4, 'Dolore nemo atque soluta quasi non eos aut. Tempora quia ducimus ipsam. Doloribus facere necessitatibus officia dolor. Iure vel quia autem nam.', '2000-01-21 00:43:43'),
(37, 12, 4, 'Eum nesciunt quaerat ipsum dolor dolorum molestiae. Qui corporis id quam non ab aperiam ut. Dolore dolor ipsa consequuntur nihil.', '2000-07-04 18:38:57'),
(38, 12, 4, 'Ut vero doloribus qui reiciendis nesciunt. Quisquam eos dolore distinctio quis dolorem tempora.', '1970-11-15 09:42:48'),
(39, 9, 4, 'Quae placeat sint vel ut. Molestias qui eum quibusdam exercitationem distinctio alias. Deserunt et id esse repellat esse aut culpa.', '1978-01-02 15:40:37'),
(40, 9, 4, 'Aut est quasi dolore optio hic excepturi est. Tempora velit itaque est facere voluptas in. Et et consequuntur maiores quasi non nemo ut. Occaecati quia ratione aut consequatur expedita asperiores.', '2006-04-12 21:26:09'),
(41, 3, 5, 'Incidunt quo et dolor eos. Ducimus unde odio repellendus magnam cupiditate. Ipsa molestias amet aut delectus dolore cum.', '1995-04-25 00:06:41'),
(42, 5, 5, 'Velit rerum repudiandae nam dolores occaecati iusto sed. Aspernatur nisi fugit dignissimos doloremque. Nostrum nostrum ipsam fugiat ut et voluptas. Itaque rerum sed earum qui.', '2010-09-21 02:21:18'),
(43, 3, 5, 'Repellendus quibusdam distinctio veniam. Unde illum sit quibusdam modi officia odio. Est cupiditate tempora itaque amet nemo esse error.', '1975-02-15 21:44:07'),
(44, 5, 5, 'Eligendi hic quis earum qui. Est commodi exercitationem culpa nesciunt. Aperiam aliquid aut dolores esse odit ipsa vel. Ullam delectus sequi et eum velit.', '1997-04-11 11:02:37'),
(45, 4, 5, 'Fugiat est rem dolorem enim. Totam iste rerum earum animi cumque doloremque ut. Fugit soluta qui sed.', '1997-04-23 07:19:58'),
(46, 12, 5, 'Ea et quis et omnis doloremque ab. Quia accusamus cum molestiae modi. Et velit dolor velit asperiores excepturi laboriosam et atque. Praesentium et et sint consectetur enim.', '1974-03-01 10:53:17'),
(47, 10, 5, 'Aspernatur non a fuga voluptatum iste. Occaecati quam at reiciendis nostrum. Expedita consequuntur ullam nulla officia molestiae. Veniam dolorum minus deleniti.', '2008-12-26 04:48:15'),
(48, 3, 5, 'Deserunt molestiae id ratione officia totam. Aspernatur ad suscipit eum aut consequatur aut. Repellendus corporis odio et dolor.', '1973-01-10 11:41:09'),
(49, 4, 5, 'Voluptatem enim fuga magni molestiae exercitationem. Est eius eius eligendi perspiciatis. Exercitationem non quia quia ipsam.', '2004-01-31 09:53:56'),
(50, 11, 5, 'Culpa distinctio excepturi necessitatibus in natus illum. Consequuntur et illo vel consequuntur suscipit aspernatur. Et quo rem velit. Eos magnam nobis recusandae quia.', '1999-07-20 08:26:37'),
(51, 4, 6, 'Ea eligendi quod sed sunt. Quas est necessitatibus facilis voluptatem atque.', '1994-09-12 10:06:26'),
(52, 11, 6, 'Non reprehenderit nemo ut debitis. Est ut quas quod aut. Non sed perspiciatis libero omnis. Hic odio illum eum ullam cumque.', '2019-11-08 02:41:43'),
(53, 9, 6, 'Sequi quis dolores earum a. Ullam nobis cupiditate et quia maxime repudiandae voluptatibus. Assumenda in dolor tenetur id nobis.', '2015-05-27 01:05:58'),
(54, 4, 6, 'Sed amet perspiciatis sint sequi iure fuga. Qui ut voluptatibus adipisci rerum provident molestiae labore iure. Aut voluptatem quis culpa. Facere nostrum expedita maiores porro sed vitae.', '1973-09-22 18:24:48'),
(55, 11, 6, 'Odio corporis nobis sit aperiam. Vel sint ut dignissimos mollitia earum aut eos qui. Quis molestias natus debitis aut.', '1978-08-27 15:54:04'),
(56, 9, 6, 'Blanditiis sed aut omnis provident ducimus molestiae dolore sapiente. Quas amet corrupti vel aut. Ut ullam aut vero voluptatem sint dolore occaecati provident.', '1978-10-11 04:48:27'),
(57, 3, 6, 'Temporibus facere nesciunt aliquid minus. Autem modi delectus possimus debitis. Dicta velit ea ut. Sint sed qui iste quis ipsum autem ut. Eum fugiat voluptatibus ipsam.', '1971-06-11 09:50:29'),
(58, 7, 6, 'Cumque qui ipsam nobis eum quidem minus. Omnis dolorem ut id fugit doloribus ut accusantium. Aut officiis iure est quidem.', '2011-04-02 14:33:57'),
(59, 6, 6, 'Fuga nisi optio provident sed odio quo. Minima deleniti culpa aperiam adipisci omnis officiis. Quod adipisci quisquam iure eos veniam odio molestiae.', '1986-03-20 16:22:51'),
(60, 4, 6, 'Quisquam quaerat tempore non voluptas dolores quia non. Asperiores sint quod dignissimos nam accusantium velit qui. Totam ea dignissimos sapiente quasi quaerat qui cum.', '2016-11-10 07:58:21'),
(61, 5, 7, 'Ut voluptas est ratione animi nesciunt natus eligendi. Et delectus accusamus mollitia deleniti. Voluptatem harum sed dolores sapiente. Molestiae sunt provident nobis dicta saepe eos.', '1992-12-11 13:43:45'),
(62, 10, 7, 'Et ad dolorem non nobis amet iusto dolorem. Alias error adipisci et quisquam ab sunt similique.', '2015-08-27 08:02:20'),
(63, 7, 7, 'Sequi eveniet corporis provident vel sint sed et. Et fugit quae nesciunt alias et. Iusto quas libero ut laudantium. Quo quis pariatur sed amet distinctio consequatur.', '2002-07-12 04:48:16'),
(64, 13, 7, 'Esse delectus dolores similique asperiores dolores itaque saepe et. Ut autem qui perspiciatis atque minus est qui. Cumque provident earum aut autem ut enim repellat.', '2013-01-09 02:29:03'),
(65, 2, 7, 'Veniam id ipsa tenetur vel non ullam ut. Earum beatae quis voluptatibus. Saepe harum similique itaque ullam est deserunt esse.', '1973-11-01 23:25:14'),
(66, 14, 7, 'A optio quasi alias. Perspiciatis fugit reprehenderit ab ullam omnis. Impedit qui dolores pariatur quam aut.', '1994-04-20 04:59:50'),
(67, 11, 7, 'Fugit delectus consequatur sit qui voluptas. Nostrum molestias aut maiores blanditiis. Quis quia aut aut minima commodi.', '1983-07-19 12:22:54'),
(68, 2, 7, 'Architecto nihil doloremque vel ut ut culpa. Nobis modi dolore assumenda eos qui a aut. Commodi consequatur et harum explicabo corporis facere maxime nisi.', '2009-10-18 09:21:14'),
(69, 2, 7, 'Pariatur et fuga aspernatur non. Ex ut assumenda nulla saepe quae sapiente. Quidem occaecati impedit veritatis. Nihil aliquid est cumque molestias officia.', '1993-06-14 04:31:57'),
(70, 14, 7, 'Incidunt accusamus quam et quibusdam totam dicta. Cum eum ad consequatur natus velit. Qui asperiores laudantium cupiditate commodi ut voluptatum beatae.', '1975-06-24 17:20:36'),
(71, 3, 8, 'Enim aut perspiciatis voluptatem qui. Molestiae quidem praesentium dignissimos nulla. Ad aut laborum deserunt a nobis repellendus. Fugit omnis hic suscipit quo est dolor.', '1994-02-16 22:14:13'),
(72, 10, 8, 'Est recusandae similique voluptatem illum consequatur rerum. Et fuga fuga soluta nobis. At temporibus rem omnis unde.', '1976-11-03 20:24:09'),
(73, 12, 8, 'Et ut expedita aspernatur unde vero sint atque. Voluptas qui est tempora non debitis. Quod molestiae ipsum non et vel repudiandae quia veniam.', '1972-12-05 05:42:14'),
(74, 4, 8, 'Praesentium qui et est optio nesciunt. Non aperiam praesentium rerum. Qui distinctio neque neque molestias aut. Sunt dicta quam quos.', '1998-05-16 21:27:26'),
(75, 8, 8, 'Ex non tenetur voluptatem ipsa ea voluptates ullam. Et est in nisi debitis quam provident. Architecto aut esse ipsam rerum cumque minima sint. Ea magni ut eligendi. Totam explicabo eum earum nisi.', '1973-06-25 17:02:44'),
(76, 10, 8, 'Labore eius placeat porro aut itaque. Consectetur necessitatibus voluptas tempore quia et. Eos harum dolore reprehenderit iusto. Quibusdam nisi molestiae in molestiae porro suscipit non corrupti.', '1971-06-07 16:52:40'),
(77, 7, 8, 'At dolores et est quidem officia quasi. Quas rerum voluptatem qui totam. Eaque repellendus rerum molestiae architecto dolores aut autem.', '1978-09-29 20:31:07'),
(78, 10, 8, 'Nemo eius veritatis et non laborum doloribus. Facere voluptate doloribus eos et iure similique et. Earum maxime ea omnis.', '2007-07-22 14:31:41'),
(79, 5, 8, 'Rem illo sapiente quis incidunt dolor quis quam. Necessitatibus inventore omnis maiores ut molestiae nulla minima. Occaecati est commodi voluptatem facilis natus sed.', '1988-06-24 10:47:29'),
(80, 5, 8, 'Quod dolorum voluptatem doloribus veritatis culpa asperiores. Rerum voluptatem sit ut incidunt quis minima provident ut. Id veniam aut et illo.', '1979-02-13 09:25:02'),
(81, 7, 9, 'Non excepturi itaque quisquam illum. Rerum at nemo aliquid facere sunt.', '2000-06-17 23:14:33'),
(82, 13, 9, 'Consequatur quaerat temporibus et non. Dolorem nesciunt sit molestiae et qui animi ipsum dolorem. Et unde vitae molestiae delectus consequuntur.', '1982-05-24 07:57:28'),
(83, 6, 9, 'Rerum provident quos eos sapiente quasi. Beatae dolore fuga tempora repudiandae occaecati. Sit debitis hic maxime inventore dolor ea.', '1973-04-17 08:38:07'),
(84, 6, 9, 'Omnis deserunt esse inventore voluptatem est. Ea consequuntur repudiandae sit molestiae alias eveniet molestiae. Quod voluptatum eos nobis accusantium quo et minima.', '2009-04-07 10:45:09'),
(85, 8, 9, 'Aliquam ea odit veniam ratione. Veniam suscipit dolorum placeat beatae sed id non perspiciatis. Dolores totam ut dolores velit sed et quis ducimus. Ut consequuntur vero sint autem aspernatur.', '1994-10-31 11:13:41'),
(86, 13, 9, 'Quod ut aut et a quae autem. Mollitia molestiae rerum similique doloribus.', '1980-04-09 03:08:46'),
(87, 6, 9, 'Molestiae vel quidem aliquid minus enim. Harum commodi in voluptatem facere accusamus dicta. Aut quis eum quis eos totam et.', '1988-06-22 14:13:46'),
(88, 3, 9, 'Error minima eum sed quas explicabo. Sint dolorem recusandae cum. Sunt adipisci nisi cupiditate. Distinctio voluptas quia perferendis.', '1973-08-27 06:46:45'),
(89, 2, 9, 'Maiores rerum vel beatae aperiam est inventore quia. Rerum quidem ex voluptates sapiente. Earum voluptatibus autem minus consequatur quod et. Officia minus consequatur exercitationem.', '1987-10-27 00:44:43'),
(90, 12, 9, 'Enim ea iure rem rerum aperiam. Officia eum quaerat consequatur non. Beatae ut non omnis illo.', '1970-03-07 16:52:00'),
(91, 4, 10, 'Quo ducimus et sed nam. Repellat cumque rem facere ipsum.', '1988-02-13 03:14:35'),
(92, 10, 10, 'Deserunt qui eligendi nulla id. Quia ad qui laboriosam recusandae quaerat provident. Doloremque dolorem aut aut adipisci nam. Quia quod velit beatae sint amet.', '1992-10-11 19:24:20'),
(93, 8, 10, 'Itaque adipisci dolores quasi cumque commodi. Autem reiciendis assumenda pariatur. Veritatis recusandae commodi et ipsa quo. Labore recusandae sint quaerat dicta explicabo. Minima in et explicabo.', '1985-12-11 07:13:40'),
(94, 7, 10, 'Voluptas omnis neque aliquid nobis qui sed. Omnis quis vel similique veniam. Consequatur quis nobis molestiae vel reprehenderit enim aliquam.', '1979-07-13 05:32:35'),
(95, 7, 10, 'Iure sint animi a placeat dolore a. Suscipit qui et dolor omnis exercitationem. Repellendus repudiandae tenetur quidem ipsum iure aut cum. Est mollitia placeat et ex rerum.', '1974-11-27 12:01:05'),
(96, 14, 10, 'Nobis molestiae porro vel dolores. Sed omnis tenetur ea dolor officia maiores rem odio. Eum a consequatur veritatis aspernatur sint minima sed. Nihil molestias inventore sed.', '1988-10-05 17:03:30'),
(97, 3, 10, 'Iste qui odit sit aut itaque. Ipsa quis eos suscipit temporibus. Laboriosam voluptate tenetur fuga doloribus voluptas. Velit quos porro maiores culpa aperiam.', '2008-12-18 15:39:04'),
(98, 4, 10, 'Doloremque possimus nulla unde sit qui. Aliquam harum modi corporis reprehenderit qui.', '1973-07-24 16:27:32'),
(99, 14, 10, 'Sequi reprehenderit eum at iste maiores qui provident. Qui quae magni eum ut. In sint sed maiores eligendi voluptates perspiciatis laboriosam.', '1991-01-22 09:22:04'),
(100, 3, 10, 'Facere omnis quasi quam et iusto omnis. Id tempore qui dolore dolor.', '1981-01-03 01:55:13'),
(101, 3, 11, 'Doloribus aut numquam nobis velit sed. Et molestias molestiae eos magnam debitis culpa et. Quia vel mollitia voluptas dolorem.', '1999-01-23 10:45:36'),
(102, 13, 11, 'Accusamus nesciunt eum voluptatem veritatis est doloribus doloribus. Dolore nisi velit vero. Aut consequatur nostrum recusandae. Dicta et qui voluptatem sed rerum.', '2018-12-22 17:47:06'),
(103, 5, 11, 'Blanditiis consectetur quam dignissimos assumenda sunt suscipit. Illum ut incidunt laboriosam.', '1983-08-23 16:36:17'),
(104, 4, 11, 'Nostrum consequatur modi unde error. Illum asperiores repellendus minima animi. Quae dolorem dolor inventore aut. Non et cupiditate in quo recusandae ut est.', '2017-08-01 20:34:47'),
(105, 12, 11, 'Voluptas ipsa maiores praesentium aliquam cum voluptatibus. Officiis ut repudiandae temporibus non. Reprehenderit aut quo quas aperiam.', '1985-01-07 08:07:41'),
(106, 9, 11, 'Fugit dolore tenetur qui temporibus ut non asperiores. Dolore earum rerum ratione ut nesciunt. Hic officia sapiente non et velit magnam quas. Dolore fugiat fuga voluptatibus quod asperiores unde.', '2017-11-19 05:43:55'),
(107, 14, 11, 'Veritatis et sed provident qui sunt doloribus ut quia. Quis nobis unde ut sit molestias. Est rerum quos cum vel vero iusto numquam accusantium.', '1983-11-20 02:53:18'),
(108, 3, 11, 'Et culpa nostrum aliquid aut esse modi. Quidem et facilis consequuntur vel recusandae enim reprehenderit. Sapiente minus nihil consequatur illo eos. Quod molestiae voluptas praesentium sint rem et.', '1985-06-03 22:58:11'),
(109, 7, 11, 'Quam repellat quia molestias quas. In vitae ut ut aut voluptatem fuga possimus. Commodi veniam molestiae fuga aut. Quae voluptas cumque delectus eos placeat. Qui quis dignissimos libero vel.', '1987-06-12 11:00:00'),
(110, 5, 11, 'Nemo est quas accusamus. Nihil perspiciatis commodi rerum saepe nulla. Qui suscipit nihil soluta nesciunt ipsa ut accusantium. Fuga molestias qui vel ea.', '2001-05-16 11:30:36'),
(111, 10, 12, 'Autem velit amet nostrum minus iure. Qui earum voluptas est libero. Rerum ad maxime ullam eum nesciunt.', '1972-02-01 16:50:13'),
(112, 7, 12, 'Placeat id et ullam id veritatis. Numquam molestiae maiores praesentium et ipsa quas sequi sint.', '1983-10-03 21:47:20'),
(113, 2, 12, 'Suscipit odio quo numquam doloremque nulla voluptatem natus. Est et vero alias dolorem sit qui non. Est inventore tenetur sed sint maxime quo incidunt.', '1982-12-18 07:35:11'),
(114, 14, 12, 'In natus consequuntur est illum in. Et et consequuntur quod eveniet veniam est. Ab voluptas nihil sit hic. Pariatur cumque incidunt quo quaerat ipsa id.', '2016-07-05 11:21:25'),
(115, 12, 12, 'Iste sit voluptates qui. Ut iste aut illo delectus repellendus molestiae. Corrupti consequatur pariatur sapiente velit dolorum. Porro accusamus fuga omnis.', '1987-06-25 01:22:20'),
(116, 10, 12, 'Qui ad nihil dolor incidunt similique error necessitatibus. Minima voluptas velit molestias accusantium qui. Quisquam placeat iusto ex sit.', '2015-10-13 01:12:29'),
(117, 11, 12, 'Impedit neque mollitia quibusdam libero veritatis dolor esse. Dignissimos est aliquid alias qui eaque nostrum nihil laborum. Magni in corporis facere ducimus quia rerum.', '2001-06-21 03:18:56'),
(118, 9, 12, 'Qui modi in quod ea. Qui quam aliquam quo. Illum sunt culpa unde sit et. Libero deserunt nostrum enim saepe sit illum beatae.', '2015-03-01 23:03:27'),
(119, 7, 12, 'Consectetur nostrum quia qui vero illo consequatur. Quod dolore et ea iure pariatur. Est minima ea et. Consequuntur dolorem numquam ea sint aut.', '1977-07-21 23:09:31'),
(120, 14, 12, 'Tempora eligendi officiis eum perferendis. Sed ut corrupti fugiat qui. Tempore aut optio nam velit suscipit. Consequuntur asperiores et esse non assumenda. Eum laudantium atque commodi vel eos est.', '2006-04-29 07:40:24'),
(121, 8, 13, 'Tenetur odio quos et et sequi. Maiores ab ut impedit quo dolores similique nostrum impedit. Praesentium unde voluptatem aspernatur molestias omnis quia.', '1976-08-11 23:45:41'),
(122, 11, 13, 'Id autem ab impedit id. Et voluptatem modi iure amet ut ab. Laborum ea aliquam rerum itaque autem qui magnam.', '1983-09-20 18:37:51'),
(123, 3, 13, 'Aut iste alias ratione. Nesciunt tempora reiciendis expedita porro debitis. Velit voluptatem accusamus sed ea nesciunt. Quis velit voluptatem nobis modi omnis aperiam accusamus.', '1974-01-16 12:32:39'),
(124, 11, 13, 'Pariatur occaecati quas omnis officiis architecto molestias distinctio. Aspernatur aut maxime est aperiam repellendus ipsa. Et et commodi qui et iusto iste ex. Dolor id ut hic ut non hic.', '1973-08-17 23:57:43'),
(125, 10, 13, 'Voluptates nihil voluptas magni. Minima quia quas natus quis vero. Veniam aut dolor voluptas quidem atque. Reiciendis aut qui sit facilis quibusdam.', '1983-04-24 06:33:30'),
(126, 14, 13, 'Blanditiis illo odio labore maiores iste. Qui amet neque in ut eos fuga neque. Dolore sed aut deleniti reprehenderit officia. Consequatur omnis ad dicta fugiat voluptatem dolor unde.', '1999-06-24 20:38:37'),
(127, 11, 13, 'Consequuntur est cupiditate cumque et qui. Impedit dolores qui earum rerum facilis voluptatem ab. Beatae ut molestiae veritatis ut hic quo.', '1972-04-26 22:24:56'),
(128, 5, 13, 'Sed vitae est est officiis. A illo optio iusto molestiae harum eos. Dolorum fugiat non numquam. Neque eaque at ullam sapiente doloremque qui error.', '1972-01-01 01:44:58'),
(129, 8, 13, 'Officiis dolorum occaecati autem natus itaque. Dolor ea possimus ex rerum facere. Possimus amet ullam dolore aliquam rerum. Ratione nesciunt non odio at. Ut vitae cupiditate cum voluptatem.', '1982-11-02 15:18:05'),
(130, 9, 13, 'Ex ut quisquam est id eius voluptates delectus. Sit perspiciatis ipsa molestias provident at. Consequatur et non sint accusamus.', '1997-12-23 15:10:31'),
(131, 12, 14, 'Voluptate et repudiandae consequatur nobis similique atque. Dolore tempora sunt odio blanditiis corrupti. Quo placeat eveniet id id.', '1986-06-18 11:20:38'),
(132, 3, 14, 'Rerum laudantium sunt laboriosam. Aut qui debitis aliquam adipisci odio. Rem amet sunt dolorum ipsam architecto. Veritatis ex molestiae sit. Sed excepturi perspiciatis aut dicta ea.', '1998-04-01 13:13:35'),
(133, 8, 14, 'Voluptatem nulla quam error dicta aut quidem voluptate aut. Ut eaque qui quia vero et veritatis illum.', '1976-07-10 08:30:33'),
(134, 6, 14, 'Quos non animi quis delectus ratione aut eum eaque. Praesentium pariatur excepturi quia quis repellendus dolore. Aut laudantium exercitationem laboriosam incidunt sed earum ut.', '1994-05-12 09:49:02'),
(135, 11, 14, 'Corporis accusamus veniam corporis nihil praesentium cumque voluptatum est. Ut at dolorem accusamus labore et in omnis. Exercitationem maiores alias quam delectus quaerat sint.', '2006-05-08 01:46:40'),
(136, 9, 14, 'Neque nesciunt earum maxime et incidunt repellendus dolores. Voluptas soluta et doloribus quidem. Quasi ut inventore ratione corrupti. Provident libero architecto tempore id sunt.', '1981-12-04 22:04:12'),
(137, 3, 14, 'Quas similique earum est. Impedit sit voluptate tempora. Non qui omnis voluptatem.', '1986-07-09 06:10:11'),
(138, 4, 14, 'Autem vitae libero ut quam in iste ipsa. Magnam doloribus odio quam. Alias itaque repellendus eaque rerum. Quisquam quia earum rerum maiores natus.', '1979-07-26 18:10:14'),
(139, 13, 14, 'Nulla eligendi aliquid tempora velit qui et. Excepturi cum ut commodi occaecati molestiae et quia enim. Magnam fugiat aut quae. Accusamus voluptates nobis culpa similique.', '1986-09-14 04:09:07'),
(140, 3, 14, 'Repellendus est ad sed qui. Ea similique impedit veritatis sint et fuga repellendus. Asperiores voluptas cum atque aliquam voluptatem quia voluptates. Dolores numquam dignissimos nemo natus.', '1995-08-06 16:03:25'),
(141, 4, 15, 'Eveniet non dolores aut id. Consectetur non vel dolores corporis voluptas aut ex. Qui illum ad tempore omnis. Reprehenderit repellat vel hic.', '1983-11-02 23:27:18'),
(142, 7, 15, 'Eius placeat ab consequatur. Eaque voluptas dolorem officia cupiditate rerum. Et id quibusdam minima eum. Perferendis porro quae animi.', '1981-08-30 07:37:21'),
(143, 2, 15, 'Dicta autem omnis voluptas unde laborum harum tenetur harum. Voluptatibus nam nam harum eveniet. Nihil eum eveniet sit omnis. Animi earum culpa neque doloremque tempora architecto.', '2006-11-01 17:04:55'),
(144, 13, 15, 'Magni accusamus optio totam molestiae. Eius non ratione quia mollitia quae. Et est id modi reprehenderit quia et saepe. Velit repudiandae ut ducimus fugiat.', '1972-09-15 18:16:54'),
(145, 9, 15, 'Libero optio fugiat ut dolor sapiente iusto deserunt. Qui voluptatem at vitae blanditiis eius voluptatum magni.', '1983-12-08 01:37:58'),
(146, 12, 15, 'Quia nostrum doloremque odio esse. Est consequatur animi consequuntur. Soluta ea aut ipsam. Sapiente ut molestiae id amet sapiente a possimus. Non porro impedit tempore tempora.', '1983-02-14 01:17:53'),
(147, 9, 15, 'Repellat pariatur est cumque enim dicta est illum. Quo odio accusantium exercitationem rerum. Autem ducimus recusandae quidem qui ad.', '2005-10-01 21:08:22'),
(148, 14, 15, 'Dolorem quas minus reprehenderit. Quia qui sunt suscipit fugiat eveniet quisquam pariatur. Esse cupiditate est hic odio soluta necessitatibus.', '1989-03-20 12:15:43'),
(149, 14, 15, 'Commodi corporis odio sed. Eligendi ab voluptas debitis fugit. Autem quia consectetur cumque repellendus et. Provident consequatur nulla officiis vitae ipsum quo repellendus.', '2006-03-13 15:28:34'),
(150, 2, 15, 'Ipsum quis nulla aut dolorem autem. Aliquam quia architecto fugiat unde. Explicabo repellat debitis similique fugit. Non et sint occaecati.', '1971-08-11 05:18:52'),
(151, 3, 16, 'Sit eius quos totam. Excepturi deserunt maiores dolor eaque. Voluptatem quia nostrum sunt illum dolorem sint.', '1973-11-16 10:33:55'),
(152, 9, 16, 'Nulla enim consectetur vel atque sit qui quia. Tempore eum dolorum repellendus dignissimos qui.', '1989-12-29 08:13:24'),
(153, 4, 16, 'Ut et tenetur laborum tempora. Exercitationem sint quia expedita rerum ullam. Voluptatem id nesciunt cupiditate dolores nemo sunt.', '1974-07-25 22:49:43'),
(154, 4, 16, 'Numquam id doloribus dolor est id dolorem. Nesciunt sequi delectus iste. Temporibus id aliquid id. Rerum aut fugit consectetur sequi. Ipsam deserunt iusto quae. Totam illum dolores ut incidunt fuga.', '2013-08-26 02:59:39'),
(155, 3, 16, 'Sit fugiat est consequatur dolor et. Perspiciatis quia repellat quidem modi. Dignissimos in quia et libero. Quos eligendi et est dignissimos.', '2019-03-18 17:12:33'),
(156, 7, 16, 'Corporis eius voluptas sit dolores. Occaecati minus et esse totam. Ut sed reiciendis sint ex voluptas et atque.', '1993-10-07 22:59:18'),
(157, 13, 16, 'Quos nihil ut officiis eaque rerum facilis. Soluta velit est in saepe. Et sint ut quia qui omnis omnis voluptatibus illum. Quia eligendi ut voluptas et occaecati voluptatem.', '1991-09-21 12:11:14'),
(158, 12, 16, 'Repellendus similique sit rerum voluptas nihil. Minima et amet error ad dolorem omnis. Sed neque accusantium adipisci ex cum quia vel. Sit nihil nulla ab error vitae ut sunt.', '1981-05-06 21:41:27'),
(159, 8, 16, 'Asperiores et totam omnis vel doloribus ipsam. Autem voluptas officiis tempore autem. Maiores est voluptas nesciunt voluptas enim corrupti eius. Occaecati possimus saepe accusantium.', '2016-10-08 01:53:55'),
(160, 3, 16, 'Ut quo eum commodi in maiores adipisci. Corrupti quod ea eius corrupti odio voluptatem. Facere facere magni est culpa.', '1972-03-16 16:50:41'),
(161, 12, 17, 'Quam totam quibusdam eveniet aliquid dolore praesentium minus. Velit nostrum eum vel eligendi quis. Unde vero voluptates ab ut quas veritatis ab. Ut qui porro rerum ipsam.', '1988-06-19 23:37:26'),
(162, 7, 17, 'Eligendi rerum natus iste beatae. Quisquam porro modi nemo accusamus placeat. Ut in minus illo voluptate. Optio omnis sint sapiente minima aliquam rerum voluptatem.', '1975-07-08 11:32:56'),
(163, 3, 17, 'Qui quis officiis asperiores odit dolores nesciunt unde. Ut et nesciunt nostrum aut modi aut enim. Quam amet quas autem iusto. Distinctio debitis neque et beatae enim et dolorem.', '2008-05-16 18:37:40'),
(164, 14, 17, 'Et et dolore saepe est asperiores eveniet. Eius aut dolores quia nisi. Praesentium velit possimus eveniet ratione quibusdam.', '1999-09-18 02:21:37'),
(165, 13, 17, 'Recusandae dolor rerum esse consequuntur quod temporibus a. Et dolorem non esse ad minus nulla. Voluptatum rerum nihil consequatur culpa aperiam commodi est.', '2010-12-07 09:47:30'),
(166, 7, 17, 'Praesentium est enim dolores. Earum commodi tempore qui quae nemo quis. Nemo consectetur ut consequatur repudiandae voluptas exercitationem.', '2000-02-21 18:55:43'),
(167, 6, 17, 'Qui perferendis nulla quasi quia non rem. Perferendis et quia temporibus nobis optio voluptatem. Nesciunt et excepturi non architecto. Amet harum vitae aut consequatur quos suscipit.', '1981-08-25 02:09:03'),
(168, 13, 17, 'Totam qui deserunt cupiditate reprehenderit aliquid laudantium. Id assumenda maxime placeat rerum ut sit accusamus a. Alias rerum omnis rerum eum.', '2013-10-30 20:03:14'),
(169, 7, 17, 'Ea accusantium architecto modi consequatur. Reprehenderit voluptas sapiente officia nesciunt officia ut nihil. Reprehenderit aliquid quibusdam numquam ducimus quas aliquam quis.', '1993-11-25 15:28:35'),
(170, 6, 17, 'Quia sunt esse non ut velit hic et. Est enim eum voluptas qui est animi. Voluptatem ipsa nihil cumque. Modi atque occaecati maxime beatae. Voluptas eligendi et nulla non magni error sit eligendi.', '2012-02-05 12:14:59'),
(171, 13, 18, 'Quo quod pariatur optio enim ut laudantium maiores. Omnis et itaque vel quidem quia officia sunt eaque. Sed iusto omnis aperiam sit ullam at. Eum velit consequuntur omnis qui est qui.', '1970-03-31 20:25:17'),
(172, 12, 18, 'Error sit mollitia expedita harum itaque velit. Est doloremque ea assumenda nam optio praesentium. Rerum fuga ullam animi.', '1994-02-13 16:14:07'),
(173, 11, 18, 'Aspernatur autem sequi maxime et cumque. Totam veritatis quisquam deleniti minima quae quas rerum. Ab soluta libero ipsam corrupti. Officiis exercitationem amet necessitatibus eaque sit saepe.', '1989-04-19 23:26:27'),
(174, 3, 18, 'Voluptatem facilis amet omnis quis et. Asperiores dolores voluptatibus tempora consectetur. Numquam beatae commodi mollitia et cumque sapiente aut.', '2019-03-23 09:44:58'),
(175, 14, 18, 'Explicabo non blanditiis et maiores necessitatibus. Quia nobis ut dolorem et enim. Minus ratione tempora libero numquam architecto sapiente consequatur.', '1976-01-14 14:50:15'),
(176, 12, 18, 'Qui recusandae debitis commodi iure ad illo voluptate. Odio nam perspiciatis sit consequatur cum ut ea. Omnis sit et eos provident. Saepe nemo molestiae occaecati aut et praesentium sed.', '1993-11-06 09:46:07'),
(177, 6, 18, 'Sint eveniet aut recusandae aut magnam culpa aliquam qui. Vel qui non rem. Molestias quasi veritatis totam. Sed occaecati sequi minima ab. Eligendi natus amet velit officiis illum.', '2014-10-06 13:56:00'),
(178, 9, 18, 'Corrupti voluptate suscipit iste et. Harum necessitatibus velit illo rerum. Dolore unde molestias ex placeat dolorum enim.', '2007-02-28 20:31:30'),
(179, 8, 18, 'Nam odit non nihil et quo. Facilis dignissimos animi facere in impedit aut voluptatem. Beatae voluptas dolor quasi est. Qui quia facilis qui. Quae rem neque voluptas ad magnam maxime nisi.', '2003-01-06 22:48:15'),
(180, 3, 18, 'Quidem quia esse sequi beatae. Eveniet repellendus sint illum sunt praesentium ducimus dolores. Exercitationem voluptas cupiditate tenetur reprehenderit.', '2015-06-06 17:21:05'),
(181, 2, 19, 'Aut perferendis tempore qui non cum eos. Aliquam in qui officia similique beatae. Nobis porro eos et quibusdam ut aperiam dignissimos.', '1990-06-14 12:38:38'),
(182, 8, 19, 'Facilis dolorum ut eos. Adipisci consequuntur quia accusantium et quasi. Corrupti vel magnam neque eligendi cum est a.', '2015-05-22 00:14:10'),
(183, 2, 19, 'Quia est amet et soluta. Nemo doloribus nam itaque eos nihil eos. Voluptas impedit enim eos ducimus velit molestiae. Tempore aut consequatur aut.', '2007-03-29 20:40:57'),
(184, 13, 19, 'Ut omnis repellat reprehenderit. Corporis odio a ipsa dolorem cum. Neque occaecati quo ipsa qui.', '2007-04-01 08:41:12'),
(185, 13, 19, 'Autem cumque quidem odio sit. Nihil molestias qui ullam sapiente non. Iste eum amet totam numquam est minima. Nostrum cum dignissimos non et nobis totam.', '2018-01-15 10:07:29'),
(186, 4, 19, 'Delectus et natus distinctio eum rerum. Et voluptatum iure autem accusamus enim voluptates. Expedita dolor quo architecto itaque adipisci et et. Molestiae beatae rerum suscipit.', '1992-10-11 02:43:30'),
(187, 3, 19, 'Voluptate voluptatem optio ut aliquid at similique. Porro qui aliquid hic velit soluta placeat. Non cupiditate soluta illo pariatur aliquid. Vitae officiis ratione voluptatem animi voluptas sit.', '1999-02-14 12:33:01'),
(188, 12, 19, 'Voluptate et atque et et aut earum qui. Doloribus maxime eligendi quae unde repellendus iusto. Adipisci reprehenderit fugiat qui ad. Vero consequatur et assumenda aut.', '2011-06-26 04:00:27'),
(189, 6, 19, 'Perspiciatis maiores provident ab sint voluptatem. Velit aliquam ut facilis cupiditate mollitia magni totam. Alias tenetur nulla eius ut sunt molestiae numquam placeat.', '2016-12-01 00:51:16'),
(190, 4, 19, 'Aut dignissimos et dolor vitae et. Perferendis sit eos et est id. Fugiat illo quia esse voluptate vitae. Sed et illum consectetur nemo corporis aut.', '1993-08-12 11:57:26'),
(191, 9, 20, 'Odio aspernatur mollitia a magnam assumenda culpa sunt id. Tenetur aut voluptate atque placeat fugit eos vel. Porro sit rerum numquam nesciunt cum aliquam.', '2000-11-26 09:40:28'),
(192, 10, 20, 'Fuga atque nihil qui et voluptatem officiis. Et ducimus cum voluptatem dolorem suscipit. Officiis esse sed velit quisquam ea. Inventore id repellendus nesciunt et fuga.', '1994-07-19 21:26:21'),
(193, 12, 20, 'Facere voluptates tenetur exercitationem vel animi dicta voluptates. Iure quod quis commodi alias. Ab tempora quisquam fuga et voluptas ipsam et.', '1987-03-03 23:20:13'),
(194, 5, 20, 'Ratione aspernatur perferendis nihil qui qui debitis. Inventore tempora quaerat fugit tempora ex saepe ipsam facere. Magni praesentium animi nobis facilis omnis in aut.', '1972-06-11 03:11:38'),
(195, 13, 20, 'Minima aut temporibus odit nihil et. At voluptas libero cum exercitationem quia omnis eius. Eveniet eaque et animi voluptatem suscipit et.', '1983-11-17 18:27:00'),
(196, 4, 20, 'Sed perspiciatis quae exercitationem ut consequuntur in. Quod repudiandae iste quia rem esse. Possimus autem ipsa corporis aut nihil.', '2013-02-28 13:09:51'),
(197, 6, 20, 'Ex laudantium omnis atque corporis. Ipsum earum explicabo at nesciunt officia. Quia commodi autem pariatur. Iure maxime nihil maxime mollitia voluptates.', '1997-10-10 03:16:25'),
(198, 7, 20, 'Voluptatem et reprehenderit quam aspernatur iste. Doloremque odio quia sed distinctio ut. Sed commodi illo odit pariatur. Minus labore adipisci incidunt laudantium.', '1994-04-29 03:44:38'),
(199, 12, 20, 'Dolorem cum rerum architecto illo minus aspernatur. Ut voluptatem minima repudiandae amet mollitia. Aliquam assumenda perferendis quasi at facilis iusto.', '2019-05-23 23:39:12'),
(200, 11, 20, 'Facilis expedita et esse quae qui. Ab sint cupiditate recusandae deleniti beatae nam.', '1993-04-07 01:29:09'),
(201, 9, 21, 'Eius dolores fuga ut perferendis. Molestias eius ea sunt adipisci. Praesentium alias qui sunt illum aut. Ipsum sunt dignissimos ut est. Voluptatem non voluptas voluptas vel.', '1982-04-01 19:03:02'),
(202, 2, 21, 'Ex fuga aliquam harum tenetur soluta. Ducimus tenetur quis harum molestias eos.', '1991-01-05 12:35:15'),
(203, 5, 21, 'In quaerat aliquam sit iusto. Quis repellat harum enim sed quam. Deleniti et expedita sed facere. Voluptas eum sunt consequatur qui tenetur. Fugit blanditiis et aut sed sapiente.', '1991-03-03 10:37:15'),
(204, 2, 21, 'Et maiores accusamus autem maiores. Error qui placeat quis quidem. Dolorem asperiores exercitationem veritatis dolores qui sunt. Commodi eligendi sunt soluta nobis vitae libero.', '2016-11-13 13:18:48'),
(205, 8, 21, 'Consequatur exercitationem cumque aut aliquid eos. At ea et dolorem quia molestiae. Nihil quo illum dolor sit tempore accusamus expedita illo.', '1975-08-04 22:14:42'),
(206, 3, 21, 'Et quidem accusantium consectetur non qui perspiciatis nesciunt. Rerum quo quam saepe placeat et qui et. Amet autem quam corrupti dolor dolor repellendus et. Qui veniam aut molestias porro.', '2012-02-01 07:35:42'),
(207, 10, 21, 'Reiciendis fuga quia repellat minus optio nostrum et. Beatae eum eum quo in. Corrupti et repellat in voluptatibus. Consequatur voluptatum consequatur temporibus sint voluptatibus.', '1998-03-29 06:59:48'),
(208, 10, 21, 'Nesciunt quis incidunt laborum. Impedit dolor qui quis expedita. Officiis sequi qui molestiae repellendus quis.', '1983-10-12 00:01:34'),
(209, 9, 21, 'Sed molestiae est eum beatae. Qui aspernatur rem quibusdam veniam rerum. Impedit blanditiis repellat sed magni provident. Voluptatem enim in voluptas et provident quod nam.', '1973-07-06 02:25:59'),
(210, 6, 21, 'Ea non unde sed aut molestias voluptatem et repellat. Rerum laboriosam maiores consequatur et illo et. Nulla eaque quam corporis et odio. Quisquam quia et sunt ut.', '1993-03-20 09:25:57'),
(211, 11, 22, 'Facere modi sit quis sit. Autem facere et dignissimos eos. Quidem aut non dignissimos quam assumenda tempore sunt. Cupiditate molestiae sapiente quas dolor.', '2008-01-20 11:51:35'),
(212, 6, 22, 'Rerum dignissimos qui pariatur reprehenderit quia natus. Consequatur eaque a debitis. Est et dolores enim non perspiciatis rerum laboriosam.', '1994-12-09 15:34:08'),
(213, 3, 22, 'Non ut impedit eos est libero doloremque consectetur. Sit aut quaerat voluptate et odio numquam. Maiores aspernatur dignissimos voluptas nihil ab ullam. Eos ut labore quam praesentium consequatur.', '1993-09-18 17:19:48'),
(214, 10, 22, 'Soluta qui corrupti voluptatem. Necessitatibus qui et non eveniet perspiciatis quaerat. Omnis omnis fugit vitae.', '1989-08-18 16:39:43'),
(215, 13, 22, 'Delectus et pariatur excepturi natus. Illo et voluptatibus dolore magni ut vel optio suscipit. Saepe autem dolorem non et molestiae. Ea perferendis optio rem aliquam.', '1978-11-15 04:29:37'),
(216, 14, 22, 'Tempore in maiores ducimus non et. Debitis voluptates saepe consectetur qui inventore voluptatum. Ut libero ipsum et est culpa voluptatem. Modi itaque eos nihil molestias.', '1999-03-30 12:51:35'),
(217, 3, 22, 'Harum et modi dolorem aperiam eum. Neque rerum quos non et. Labore ut eos facere iusto.', '1973-01-23 23:37:05'),
(218, 12, 22, 'Ipsum facere et quo quis ut repudiandae. Qui ut ipsam sint laboriosam fugit. Eos dolores aperiam esse iusto impedit deleniti est. Delectus tenetur et neque ipsam.', '1989-01-05 20:42:59'),
(219, 11, 22, 'Quo omnis corrupti corrupti quaerat sequi unde omnis. Consequuntur eum placeat rerum ut nisi. Reprehenderit commodi debitis quis quo quisquam ipsum.', '2019-04-15 17:07:29'),
(220, 8, 22, 'Officia est maxime est error repellendus et voluptatem. Ut tempore molestiae alias autem sit vitae. Rem asperiores nam molestiae corrupti reprehenderit sunt. Debitis qui minus autem iure sed ratione.', '2017-11-16 15:44:52'),
(221, 4, 23, 'Illum qui ad quos est. Nobis magnam quo ea perferendis provident. Minus a quo ea distinctio quisquam quis.', '2001-09-18 04:39:30'),
(222, 4, 23, 'Iure quae eius ipsam eos rerum voluptas deleniti. Officiis voluptas cupiditate recusandae molestiae voluptatibus cupiditate aut. Consequatur asperiores sed mollitia recusandae dolor deserunt cumque.', '1982-09-22 20:51:27'),
(223, 11, 23, 'Eius est beatae hic laborum sed vel. Rerum qui eaque ex ullam sunt.', '2007-08-11 23:09:02'),
(224, 6, 23, 'Ea fuga laudantium quis molestias aliquid. Autem qui quia possimus fugit esse maxime maxime. Qui harum eos quas enim ea sit rerum.', '1988-02-15 16:17:18'),
(225, 6, 23, 'Neque dolorem fugiat vel nisi. Et neque dolores laudantium est in qui quam. Ut quibusdam voluptatem nesciunt maiores.', '2013-10-07 20:08:25'),
(226, 14, 23, 'Rerum aut corrupti tenetur quia. Voluptatem et dolor omnis voluptatem sed.', '2017-02-02 05:23:44'),
(227, 2, 23, 'Pariatur laborum quod consequatur nulla omnis aperiam. Qui provident est molestias facere repellat labore quae. Nihil dolores illo molestiae ad cupiditate consequatur.', '1979-02-20 20:35:48'),
(228, 4, 23, 'Odio id eveniet vel perferendis laborum. Rerum repellat qui praesentium eos. Voluptatem eum aliquam totam nihil quo.', '1987-04-18 01:44:03'),
(229, 9, 23, 'Vitae itaque error nobis aut quae laudantium dolor. Velit rem veritatis voluptatem labore. Exercitationem atque cumque quis ad nemo rerum quis.', '1996-12-29 04:16:52'),
(230, 10, 23, 'Minus molestiae sit laboriosam quibusdam cupiditate aspernatur. Qui sed autem voluptas. Qui eos mollitia nam aperiam.', '2007-02-09 18:20:31'),
(231, 7, 24, 'Aliquid laudantium quia ullam neque voluptas. Qui alias nesciunt maxime qui illum. Voluptate odit vel possimus tempora. Aspernatur amet recusandae quaerat beatae.', '2015-01-21 07:55:23'),
(232, 6, 24, 'Accusamus sed aut libero. Fugiat necessitatibus architecto quis porro cupiditate omnis. Doloremque aut enim eum tenetur deleniti molestias facere.', '2010-05-30 02:37:25'),
(233, 2, 24, 'Ex qui architecto architecto blanditiis. Aut facilis et consectetur.', '1975-05-31 20:23:24'),
(234, 6, 24, 'Placeat dolor quia dolore vitae et. Ipsa cumque unde sunt. Corporis ut magni voluptatem eveniet. Et et nesciunt et accusamus ullam blanditiis quo.', '1981-07-10 07:17:06'),
(235, 11, 24, 'Quasi sit et corporis nostrum iusto qui sint. Nam quod vitae eligendi tenetur voluptate officiis. Ut blanditiis placeat non aut libero labore est sit.', '1987-04-14 13:35:07'),
(236, 11, 24, 'Sed eos qui aut laudantium ea. Tempore minus dolores doloribus eum. Est ea et rerum nemo autem soluta dolorem iste.', '2013-06-24 05:02:23'),
(237, 10, 24, 'Corrupti at qui inventore a eaque reiciendis id. Est fugiat dignissimos odit tempore rerum esse vero dolor. Quo sunt voluptas reprehenderit facilis est. Veniam officiis fuga vero sed recusandae.', '1993-05-03 11:47:02'),
(238, 13, 24, 'Esse eveniet aliquid explicabo quis saepe. Eligendi voluptates veritatis exercitationem ut.', '2014-03-14 13:00:59'),
(239, 9, 24, 'Sunt rerum corporis quidem. Molestiae et voluptate dolores ut nostrum tenetur officia. Aut aut sapiente velit. Illum et nostrum alias.', '1986-02-22 03:21:26'),
(240, 3, 24, 'Qui debitis a esse iusto molestiae molestiae doloremque. Reiciendis sequi omnis provident. Dolor voluptate veniam modi provident.', '2019-01-29 02:38:23'),
(241, 9, 25, 'Assumenda inventore id delectus consequatur nemo quo et. Deserunt et dolorem qui. Ut in et alias nobis consectetur voluptatum at. Omnis recusandae et rem excepturi.', '2008-08-07 11:06:51'),
(242, 6, 25, 'Sunt est quae rerum cum et facilis quia. Qui optio ut explicabo iste. Reiciendis corporis distinctio a officiis. Consequuntur nesciunt maiores sequi et est aspernatur natus rerum.', '1976-03-30 12:32:34'),
(243, 6, 25, 'Est vel et sapiente consequatur. Quo animi aliquid facilis inventore. Velit iusto adipisci odio architecto cupiditate odit occaecati. Voluptatem ducimus quae eum voluptas quam molestiae.', '1990-02-15 08:04:05'),
(244, 7, 25, 'Quis minima ut ipsam rem non animi ullam. Saepe soluta vel adipisci atque odio. Vel ullam fuga cupiditate velit autem est earum.', '2006-07-29 14:03:08'),
(245, 10, 25, 'Qui in et ea. Commodi expedita illum aut est. Repudiandae voluptas illum eum sed at reiciendis. Autem qui impedit nobis inventore ab est alias. Molestiae culpa quia delectus expedita qui amet.', '2007-01-20 00:01:05'),
(246, 6, 25, 'Beatae voluptatem facilis laborum. Totam aut omnis tempore blanditiis quaerat id aliquam. Tempora quos quo assumenda.', '1989-11-17 04:53:01'),
(247, 7, 25, 'Ipsum similique qui aperiam vel qui blanditiis possimus. Sed est soluta consequatur dignissimos ex nam.', '1978-03-27 02:09:26'),
(248, 5, 25, 'Nesciunt suscipit asperiores dignissimos rerum. Consequatur necessitatibus modi alias debitis eaque. Rerum provident illo quasi eveniet.', '2008-08-20 14:59:44'),
(249, 10, 25, 'Fugit est atque recusandae perferendis sed autem. Consequuntur earum et tempore. At delectus maxime ipsa nobis.', '2015-10-29 10:58:26'),
(250, 6, 25, 'Impedit natus nesciunt facere. Quis odit animi aut est omnis nostrum voluptas omnis. Facilis officia et voluptatum iure nemo.', '1978-04-06 02:24:12'),
(251, 11, 26, 'Consequatur nam quibusdam laboriosam ut. Sit temporibus rerum id quo maxime cupiditate. Adipisci dolores consequatur eaque laboriosam. Dolorem harum reprehenderit fugiat dicta voluptates autem.', '1978-06-12 04:39:58'),
(252, 6, 26, 'Quia est et facilis ad consequuntur. Cum reprehenderit aut commodi. Asperiores vero corporis provident adipisci sint possimus. Et officiis aut odit fuga.', '2018-11-04 08:47:54'),
(253, 2, 26, 'Sint et assumenda enim. Earum vero nulla inventore ut blanditiis sit animi.', '1985-08-30 12:51:04'),
(254, 2, 26, 'Ea culpa id fugiat voluptate sequi aut qui. Fugit consequatur vel et consectetur. Alias animi dolorem voluptatibus rerum deserunt doloremque maxime placeat.', '1984-04-04 09:09:31'),
(255, 4, 26, 'Repudiandae magnam doloribus non inventore et alias. Dolorum iusto et hic corporis ut libero esse. Laudantium nihil eos consequatur asperiores rem aliquam aspernatur.', '1993-02-20 03:31:34'),
(256, 13, 26, 'Dicta quidem quas voluptatem qui enim. Quibusdam minima soluta ratione suscipit vero. Soluta laborum praesentium qui provident deserunt id.', '1976-11-09 15:11:45'),
(257, 12, 26, 'Voluptatem quasi beatae esse odit molestiae dolor. Et vitae perferendis voluptate qui et dolorem beatae. Id ut quia perferendis ad. Sit pariatur aperiam mollitia minus quod.', '1976-03-04 13:48:49'),
(258, 4, 26, 'Officia et amet temporibus sint voluptatem. Aspernatur consequatur veniam consequatur sunt. Quaerat quam molestiae ducimus rerum aut.', '1978-09-07 09:54:36'),
(259, 14, 26, 'Dolor voluptatem id cum non dicta perspiciatis. Et id ullam maiores nesciunt non quos temporibus. Sed nesciunt minima quo laborum alias et.', '1999-07-19 17:14:45'),
(260, 7, 26, 'Vel at accusantium mollitia nulla alias odio. In itaque quidem dolore ut placeat. Incidunt sunt beatae error reprehenderit commodi sit. Necessitatibus ut fuga sed.', '1977-04-21 22:05:05'),
(261, 8, 27, 'Quis eos molestiae est ab cupiditate. Consequatur sint occaecati omnis vitae. Rerum consequuntur voluptate doloremque.', '1972-04-21 09:25:00'),
(262, 3, 27, 'Omnis necessitatibus quaerat occaecati et dolorem voluptas. Id quisquam impedit dicta quam deserunt ut magni. Delectus voluptatem placeat laboriosam autem aliquam enim ad eos.', '1984-10-13 11:02:37'),
(263, 11, 27, 'Dolores dolor rem eius dolorum sit. Delectus recusandae nihil voluptas facere odit expedita. Vel et nihil dolorem rerum. Deserunt nulla dolor odit expedita.', '2014-04-16 11:27:20'),
(264, 3, 27, 'Aut sed distinctio molestias quis doloremque. Iste rerum libero vitae dolor. Rerum perspiciatis perspiciatis omnis maiores qui sit.', '1984-07-17 08:12:20'),
(265, 8, 27, 'Consequatur similique debitis deleniti soluta non quis perferendis. Quia qui fuga rem. Vel quia minima aspernatur dolores deleniti. Dolor corrupti consectetur dolore ut libero.', '1971-11-03 09:51:39'),
(266, 14, 27, 'Dolorum omnis consequuntur molestiae cum est saepe. Voluptates neque enim pariatur porro magnam assumenda. Est consequatur impedit dolorum. Maxime vel impedit et accusamus voluptatem qui aut.', '2001-10-09 13:58:12'),
(267, 7, 27, 'Porro et cum voluptatem nemo modi numquam possimus. Quia quo et rerum dolores sequi inventore. Quibusdam saepe distinctio aspernatur.', '2019-10-09 16:58:34'),
(268, 7, 27, 'Est qui pariatur omnis id est reprehenderit. Voluptas excepturi fugit alias dignissimos qui dicta occaecati. Voluptatibus error voluptas ut assumenda facilis voluptatem.', '1998-11-21 17:15:46');
INSERT INTO `post` (`id`, `author`, `topic`, `content`, `date`) VALUES
(269, 14, 27, 'Natus soluta rerum debitis vitae culpa vel. Vel dolores ex vitae doloribus architecto sunt fuga. Quis quo asperiores et quisquam. Necessitatibus molestias natus est iste.', '1974-02-02 07:18:55'),
(270, 4, 27, 'Ea beatae libero aut a accusamus a. Quibusdam possimus dolorem officia vitae. Nisi blanditiis deserunt ipsum et quasi at error iste.', '2011-09-05 05:52:33'),
(271, 14, 28, 'Qui sapiente ipsa culpa laboriosam. Autem libero voluptatem molestiae sint. Harum ea aut fugiat aut sed omnis amet et. Dolorem eum consequatur aut quo molestiae.', '1972-09-27 04:17:03'),
(272, 9, 28, 'Iure rerum rerum architecto minus aperiam nihil unde. Illum dolor nulla omnis laboriosam doloremque delectus. Qui et perferendis nemo necessitatibus. Adipisci ut dicta eos aspernatur est.', '1988-08-15 16:17:27'),
(273, 10, 28, 'Ut officia fuga numquam saepe quam. Aperiam incidunt laboriosam aut est. Enim quibusdam libero quaerat tenetur unde quos consequatur impedit.', '2014-07-27 19:17:28'),
(274, 9, 28, 'Quo repellat corrupti consequatur placeat. Est est ducimus reprehenderit et inventore ipsum. Nulla et quaerat neque velit sit quisquam neque.', '1998-12-05 06:37:55'),
(275, 4, 28, 'A atque quod ratione amet ullam deleniti. Tenetur ut officiis soluta deleniti provident ad. Sapiente consequatur expedita quia quia eos doloremque totam ratione.', '2015-06-01 13:09:25'),
(276, 4, 28, 'Sequi cumque aut ea dolorem. Odit et consequatur mollitia eius similique. Nesciunt doloremque sit deserunt qui dolore rem quis est.', '1972-08-09 04:16:14'),
(277, 14, 28, 'Doloribus sit magnam saepe. Ea repellendus harum voluptas porro. Veritatis et molestias consectetur ut cum quia vel ducimus.', '2019-09-02 21:40:39'),
(278, 8, 28, 'Et esse odit molestiae sint enim. Ipsa suscipit cum quidem ut vero et. Enim aperiam voluptas dolor ea qui harum fugiat.', '1971-03-11 09:49:03'),
(279, 14, 28, 'Voluptas est in nesciunt. Rerum aut veritatis sapiente et et tempore. Vero rerum fugit vero laboriosam deleniti facilis.', '1988-02-25 10:44:14'),
(280, 10, 28, 'Vel ut assumenda in laborum quia quia praesentium omnis. Sed sequi assumenda ea ut expedita architecto animi. Repellendus non omnis eum. Totam labore necessitatibus ut nihil iusto hic.', '2019-05-23 11:03:37'),
(281, 12, 29, 'Quibusdam quos porro perferendis non. Blanditiis itaque aperiam sapiente non nulla ab numquam alias. Saepe non saepe ut voluptas culpa non. Dolorum ut sed illo magnam.', '2010-08-07 00:44:52'),
(282, 4, 29, 'Sit similique sequi quos rerum et voluptates. Unde qui et et. Natus modi aut voluptate ut.', '2003-05-11 18:08:47'),
(283, 4, 29, 'Et non facere similique eveniet nam corporis ab consectetur. Dolorem quo qui qui voluptas quaerat.', '1989-05-20 21:14:00'),
(284, 12, 29, 'Voluptas voluptates alias quam ad ab sit sed. Tempora enim rerum soluta ex eum. Veniam eos recusandae reiciendis animi quaerat ea eos.', '1997-05-06 07:13:55'),
(285, 13, 29, 'Natus explicabo quam enim est aliquam fugit quod. Voluptas ea architecto eveniet neque reprehenderit consequatur. Quia facere magnam ex minima.', '2006-08-06 02:28:40'),
(286, 4, 29, 'Sequi magnam enim illo odit omnis est et. Commodi mollitia sequi est omnis voluptas. Necessitatibus praesentium nihil quia dignissimos.', '1989-07-29 02:31:24'),
(287, 12, 29, 'Sit aut iure accusamus ipsum ipsum. Impedit eaque error id minima hic quae. Molestiae sint provident deserunt eos. Dolorem illo pariatur sapiente. Voluptas enim libero officia recusandae ut qui eum.', '1983-07-22 12:43:49'),
(288, 4, 29, 'Quis sed omnis minus. Et cumque mollitia nostrum amet blanditiis esse nihil quia. Sed et quia aspernatur rem quis qui veniam.', '1997-08-30 04:55:21'),
(289, 7, 29, 'Vitae voluptatem qui excepturi consectetur velit illo. Quia consequatur deleniti et odio et quia. Dolorem aliquid aliquid odio et facilis dolorem facere. Et neque omnis assumenda aspernatur.', '2015-10-25 07:45:32'),
(290, 12, 29, 'Sapiente blanditiis voluptatem sint ut voluptatem repellat rerum. Aut ipsam ut molestiae odit qui rerum doloribus omnis. Dolorem et odit et minima molestias quia non aliquid.', '2010-12-27 13:42:16'),
(291, 8, 30, 'Non nemo modi deserunt. Minima quia neque et et voluptatem doloribus. Eum voluptate et fuga voluptas dolores repudiandae.', '2011-11-28 21:44:29'),
(292, 2, 30, 'Aliquid sit et officiis pariatur sunt. Velit dolores molestiae consequuntur culpa maiores. Modi perferendis commodi beatae. Est expedita velit asperiores aspernatur provident.', '2013-06-20 23:47:11'),
(293, 6, 30, 'Dolore fugiat illum iusto quia dolores. Blanditiis eaque et ipsa rem a. Assumenda earum sunt odit veritatis et iusto et. Unde doloribus fugiat sed et iusto eum.', '1982-09-24 07:48:12'),
(294, 2, 30, 'Cupiditate reprehenderit et rerum sed itaque. Odit a aspernatur quo consequatur at aspernatur. Sunt reiciendis et est et assumenda minus neque.', '1975-08-15 18:58:27'),
(295, 11, 30, 'Non voluptate voluptas eum et. Quod similique illo soluta sed magnam enim ut consectetur. Repellat molestiae quis provident ut sed. Cupiditate nihil error maiores deserunt ducimus id eveniet.', '1983-08-29 20:02:33'),
(296, 14, 30, 'Minus maxime ut id omnis. Vitae veniam eum mollitia consequatur doloribus alias corporis. Porro ea aut est fugit debitis repellat labore ea. Sed tempore omnis voluptatem provident aut.', '1995-05-03 00:32:28'),
(297, 13, 30, 'Ab ipsam exercitationem magni eos dicta maxime velit. Vel dolor non non et consequatur ut.', '2013-02-17 17:41:30'),
(298, 7, 30, 'Odit inventore totam odit vel delectus laboriosam neque. Facilis cupiditate dolore est ut. Voluptates non vitae hic magni suscipit. Eaque voluptatibus ab porro non qui qui blanditiis.', '1976-09-24 21:25:30'),
(299, 4, 30, 'Modi nulla aut error. Cupiditate quae omnis illum et in amet molestias. Omnis aut id voluptas dicta.', '2010-05-04 18:36:04'),
(300, 2, 30, 'Architecto quia impedit asperiores cum consequatur. Iste est et aperiam facilis non perferendis. Quos in quia est. Et sint possimus ea numquam nulla.', '1982-06-10 01:51:49'),
(301, 11, 31, 'Id at eligendi sunt dolorum id voluptatem explicabo. Consequatur quas ut animi autem natus. Voluptas veritatis libero ea deserunt. Nostrum voluptatibus numquam enim.', '2010-11-20 08:13:07'),
(302, 11, 31, 'Quo delectus illum sint accusamus tempore sit rerum. Inventore dolores odit architecto ut exercitationem sint. Repellendus ut labore alias laborum voluptas.', '1990-06-20 04:43:12'),
(303, 2, 31, 'Similique corrupti dicta voluptates nostrum. Aut voluptatem eum ipsam. Non voluptatem placeat qui temporibus qui. Possimus et ad qui harum ex dolorem.', '2014-06-26 01:46:28'),
(304, 10, 31, 'Ea voluptatum labore officiis porro. Quis aut nesciunt eius rem dicta ea laborum. Vitae similique placeat omnis ea iste omnis ut. Quod sunt unde aut.', '2020-01-10 00:35:06'),
(305, 2, 31, 'Tenetur est suscipit optio odit excepturi est. Occaecati atque nostrum id quod quia. Qui ad distinctio et dolor explicabo quo labore. Est tempore quasi eaque quia facere est culpa.', '2013-11-27 08:23:07'),
(306, 13, 31, 'Quisquam dolores tempora sit aut nobis cumque. Repellendus qui ut ratione fugit non. Rerum eius molestiae nihil fugit. Dolores tempore id commodi molestiae soluta. Nisi maxime veniam dignissimos.', '1991-12-14 13:26:07'),
(307, 13, 31, 'A veniam expedita quo magni. Qui libero voluptatem delectus aut doloribus sint corrupti. Temporibus aut nobis deleniti voluptatem.', '1989-09-07 12:41:32'),
(308, 7, 31, 'Velit aut deserunt consequatur. Et natus laudantium cumque quidem. Dolores quasi quia esse tenetur corporis natus itaque. Perspiciatis corporis sed doloribus molestias.', '1999-10-06 18:14:54'),
(309, 7, 31, 'Tempore adipisci cum et eaque. Dolorem mollitia cupiditate ut. Incidunt nemo quisquam minima. Temporibus id qui officiis et porro.', '2000-10-13 21:42:35'),
(310, 13, 31, 'Quisquam eveniet ipsa esse dolorem voluptatem rerum. Pariatur recusandae necessitatibus non. Aliquid maiores nulla consectetur asperiores temporibus quasi non.', '2011-03-11 13:30:15'),
(311, 8, 32, 'A deleniti ut eius cum minus. Quas cum non dolore sunt similique magnam. Et voluptatem ratione incidunt minus doloremque veritatis quisquam.', '1986-10-10 12:25:14'),
(312, 12, 32, 'Ipsum adipisci blanditiis voluptatum eum et suscipit. Enim natus et iure facere aut. Eum omnis eum tenetur quibusdam.', '2002-11-15 13:16:28'),
(313, 11, 32, 'Consequatur itaque ipsum impedit aut ipsum quia. Inventore neque ducimus eos voluptate error in. Deserunt a aut sit. Aut autem beatae id nesciunt autem.', '1972-07-23 16:50:00'),
(314, 5, 32, 'Veritatis ut recusandae perspiciatis harum veniam doloremque. Autem rerum aut amet eius id.', '2009-02-01 13:36:59'),
(315, 10, 32, 'Rerum dolores ducimus sit. Architecto voluptas dicta ut velit voluptatem aliquam.', '1973-04-30 22:40:43'),
(316, 12, 32, 'Illo libero alias amet quia alias. Magni nobis amet est possimus.', '2009-06-12 01:00:59'),
(317, 5, 32, 'Expedita nihil quis iste qui. Consequatur ut veniam voluptatem. Et provident et unde sint vel dolore voluptatem.', '1977-11-23 18:46:49'),
(318, 8, 32, 'Minima veritatis dolores non iusto. Molestiae sequi veritatis autem porro. Sapiente ipsum nisi sapiente dolorum sapiente ab voluptatum.', '1972-06-06 17:13:05'),
(319, 14, 32, 'Aut occaecati mollitia nobis rem aut. Blanditiis exercitationem voluptas possimus similique laborum aperiam rerum. Qui quas sequi numquam tenetur adipisci fuga.', '1978-12-26 17:13:36'),
(320, 2, 32, 'Possimus nulla mollitia qui sed pariatur quibusdam quia voluptatem. Eius quo cumque rerum exercitationem. Rerum est voluptas nam. Quia ipsa totam tempore rem reiciendis.', '2008-04-02 12:33:01'),
(321, 10, 33, 'Vitae sed dolorem occaecati earum. Non et sunt vel ratione maiores at. Est quis esse culpa quis et et rerum. Ad est aut porro laudantium laudantium.', '1982-10-06 21:58:58'),
(322, 7, 33, 'Aspernatur dolorem harum omnis consectetur velit. Vel dolor sed quo est sed alias. Quae sit sit veritatis mollitia vitae et unde. Praesentium aut optio qui dolores quia qui modi.', '1974-06-07 16:55:12'),
(323, 13, 33, 'Itaque voluptatem adipisci illum eius delectus atque quisquam. Libero qui iusto consequatur. Molestiae quod quia repudiandae quia dicta sunt quae.', '2000-11-24 10:58:45'),
(324, 8, 33, 'Aut commodi voluptas laboriosam quis dolore dolor amet. Et et sint iusto vitae quisquam.', '2016-02-14 08:39:03'),
(325, 14, 33, 'Cumque minima facilis rerum. Quo labore tempora dignissimos mollitia non est. Itaque amet necessitatibus quibusdam cum sed omnis.', '2016-12-21 23:49:43'),
(326, 12, 33, 'Harum vel ratione ut. Voluptatibus provident ullam atque cum dolores. Qui accusantium unde sed facere est laboriosam.', '2013-10-15 17:30:47'),
(327, 8, 33, 'Quia aut dignissimos ab. Excepturi suscipit enim velit quidem quia. Maxime harum et voluptatem voluptates dolor. Mollitia sapiente nemo autem hic cumque tempora aut doloremque.', '2006-02-04 07:27:30'),
(328, 4, 33, 'Excepturi tenetur et facere sed. Maxime quidem blanditiis similique. Dolorem sed et nemo impedit maiores dolores id. Minus dolores placeat commodi saepe est enim.', '1999-12-05 16:39:52'),
(329, 12, 33, 'Sit delectus quos dolorum ut a. Rerum iure rerum et id. Et officiis dolores nulla sit.', '2014-06-10 04:57:04'),
(330, 10, 33, 'Ut occaecati itaque non voluptates consequatur quia quia. Hic eum sed quo. Nam numquam ut aut corrupti dolor.', '2010-04-27 22:32:37'),
(331, 5, 34, 'Accusantium ut suscipit nihil omnis dicta molestiae. Omnis molestias perspiciatis eligendi inventore quaerat eos.', '1972-02-12 08:02:19'),
(332, 6, 34, 'Id aut ut officiis cum repellat corporis et. Et eum officiis aperiam. Eligendi ab officia sed est. Nihil sit praesentium nisi ut.', '1975-02-22 17:28:15'),
(333, 12, 34, 'Commodi officia in quasi recusandae. Enim sed quas autem possimus qui. Quis quasi minus nostrum est enim quae. Est voluptatum rerum qui sint ipsa error.', '2002-07-02 00:52:55'),
(334, 7, 34, 'Voluptas exercitationem ratione iure dolores molestiae autem officia adipisci. Similique alias ut dolore tempore exercitationem dignissimos.', '1992-06-02 02:06:30'),
(335, 9, 34, 'Omnis temporibus iure doloribus reiciendis. Occaecati quo unde praesentium fuga aut. Commodi nisi maxime quia. Quibusdam iusto aliquid sunt perspiciatis ut beatae sapiente.', '1980-07-18 01:45:34'),
(336, 13, 34, 'Nihil magni minima vel at at. Repellendus cumque aliquam odio aliquam dolor et. Cupiditate laudantium consequuntur labore dolores et qui totam.', '1970-01-06 18:44:07'),
(337, 6, 34, 'Qui et accusamus qui voluptatem dolores illo odio. Qui repellat ducimus voluptatibus consequuntur assumenda enim nam. Est eos odio ea illum a aut. Praesentium ut nisi rem in dolore.', '1978-08-31 17:03:18'),
(338, 11, 34, 'Ut eaque aut possimus a officiis earum dolore. In deleniti voluptas molestias sed ex. Ducimus aspernatur eum cupiditate magni explicabo modi.', '1991-10-11 08:07:49'),
(339, 5, 34, 'Ut sed voluptate vitae cupiditate architecto minus. Sunt sint a voluptate asperiores reiciendis quia. Nam amet maxime nulla ut quia fuga sed.', '1995-07-21 17:51:34'),
(340, 3, 34, 'Error sint et doloremque accusantium. Perspiciatis doloremque eaque laborum suscipit soluta quae aut. Ipsum voluptatem autem saepe iure vitae dolor.', '1987-06-14 17:30:53'),
(341, 5, 35, 'Quis modi nam laborum. Maiores explicabo blanditiis vitae asperiores animi quia ratione. Minus autem est et error quia.', '1971-11-05 14:27:21'),
(342, 14, 35, 'Tempora aspernatur totam perspiciatis et ea quidem. Quis dignissimos repudiandae et deserunt et. Laudantium voluptatibus vel pariatur consequuntur sit perspiciatis exercitationem neque.', '1988-01-02 00:20:26'),
(343, 14, 35, 'Sint velit ipsum consectetur quo nam sit rerum corrupti. A ut beatae occaecati impedit. Eius illum cupiditate est vero iure.', '1982-03-13 15:09:16'),
(344, 12, 35, 'Culpa sequi excepturi aspernatur repellendus. Tempora dolor dolorem exercitationem et. Est quibusdam rem voluptatibus totam aut.', '1976-02-03 00:37:42'),
(345, 3, 35, 'Perferendis voluptas dignissimos similique voluptatem et. Eligendi ratione aperiam quis tenetur. Id ipsa culpa voluptas natus culpa cumque. Quidem neque quam sapiente eius rem eveniet magnam quasi.', '1989-12-24 09:03:27'),
(346, 4, 35, 'Consequuntur excepturi eum magnam. Ut at nam maxime sed. Sed error repellat possimus ea.', '2007-04-21 16:45:28'),
(347, 4, 35, 'Sequi ratione fugiat nostrum ratione consequatur. Architecto corrupti adipisci nisi impedit. Est delectus sed quod fugiat ullam doloremque. Et dolorum et vel quia.', '1991-11-20 13:58:50'),
(348, 6, 35, 'Et architecto ut minima facilis. Et in dolor dolor.', '1999-01-09 20:03:23'),
(349, 3, 35, 'Occaecati repellendus dolores vel quis provident consequatur molestiae. Quidem quidem eveniet dignissimos voluptatem. Eum quam consequatur enim.', '1999-11-25 00:08:22'),
(350, 2, 35, 'Alias adipisci facilis neque mollitia error consequuntur. Et voluptas sit vitae qui. Ea repellat necessitatibus nihil et sed. Aut possimus nihil aut necessitatibus.', '1973-07-14 15:18:05'),
(351, 3, 36, 'Quidem quis sunt dolor quasi quo. Quaerat non autem ut consequatur itaque. Quia molestiae itaque aut autem perferendis necessitatibus et sed.', '2012-01-21 15:24:50'),
(352, 3, 36, 'Eveniet in distinctio aut harum ut. Quaerat aut nam qui iste tempore odio et eos. Eveniet voluptas accusantium excepturi impedit doloremque sed est. Fugit ad distinctio fuga praesentium recusandae.', '1982-04-30 19:04:23'),
(353, 11, 36, 'Praesentium eligendi quibusdam dicta provident odio consequuntur vel similique. Sapiente sint aut et quo explicabo. Sunt vel veniam maxime. Molestias sed velit velit totam saepe reiciendis sed odio.', '2008-07-27 02:45:49'),
(354, 5, 36, 'Sit ab tenetur aut exercitationem praesentium sit. Rerum et magnam corrupti magni veritatis. Totam ipsa eligendi corrupti itaque.', '2018-10-24 01:00:17'),
(355, 10, 36, 'Cupiditate enim recusandae enim occaecati magnam occaecati. Numquam placeat iste esse quos. Amet animi aut suscipit rem vitae et.', '2002-12-13 07:29:44'),
(356, 9, 36, 'Repudiandae quas occaecati quis similique laudantium mollitia voluptatum. Aperiam porro ad qui. Quibusdam quis optio et enim. Quia inventore et quia dolore voluptatem sunt mollitia.', '2015-12-10 20:09:31'),
(357, 5, 36, 'Corporis molestiae et soluta. Ut a animi ullam quisquam quae illo. Iure omnis aut officia temporibus molestiae dignissimos. Quia et iusto dignissimos repudiandae nihil dolorum autem.', '1977-11-05 20:54:40'),
(358, 13, 36, 'Deleniti fugiat dolore perferendis dolorem tempora non. Cupiditate et quod voluptas soluta modi. Unde quia id doloremque dolor aut distinctio. Quod eaque unde odit ullam repellat.', '1979-06-21 06:19:02'),
(359, 3, 36, 'Quasi illum a blanditiis est totam quis reprehenderit. Fugiat natus qui aut voluptatem odio voluptatem est odit. Voluptas deserunt suscipit voluptates.', '2002-03-02 12:23:54'),
(360, 10, 36, 'Dolor qui qui modi inventore sequi. Quaerat in voluptas aliquid illum sint officiis neque. Sed quia nihil corrupti aperiam.', '1993-10-23 09:20:11'),
(361, 9, 37, 'Architecto ducimus accusantium earum expedita magnam. Vero veniam natus est rerum. A reprehenderit et maxime deserunt nulla. Error dolores libero non rerum provident. Aut aut et quis nemo eius et.', '1970-03-27 15:08:09'),
(362, 7, 37, 'Adipisci exercitationem atque quia quisquam. Rerum sed quo ipsam libero nostrum quas aperiam. Voluptatibus sit qui est fuga dignissimos ratione.', '1970-04-22 20:32:25'),
(363, 10, 37, 'Tempora iure ea aliquam dolorum minus nemo modi nostrum. Dolorem dignissimos provident quisquam mollitia. Nesciunt inventore nostrum doloremque est alias.', '1999-05-25 12:35:02'),
(364, 4, 37, 'Sunt non iusto molestiae. Repudiandae quibusdam eaque voluptas. Ut natus explicabo aut.', '1972-10-07 05:07:08'),
(365, 7, 37, 'Labore eos et et magnam harum tempore et ipsam. Ipsa exercitationem quis repellendus commodi quia mollitia. Et illum alias unde unde.', '2016-04-19 02:14:44'),
(366, 14, 37, 'Est dolor quia autem inventore non. Perspiciatis rem ratione quia vero consequatur repudiandae deleniti. Doloribus rem esse est deleniti minus quibusdam similique.', '1986-09-25 14:49:55'),
(367, 6, 37, 'Sint architecto omnis nemo assumenda a suscipit voluptates. Sapiente voluptas alias culpa voluptatum blanditiis saepe adipisci.', '2008-11-07 04:44:34'),
(368, 6, 37, 'Delectus tenetur excepturi quam nemo. Est voluptas tempora veniam fuga. A dignissimos omnis nesciunt eligendi.', '1992-09-27 12:06:47'),
(369, 2, 37, 'Consequatur commodi sed magni provident totam hic perferendis. Fugit officiis ex quia nobis. Saepe soluta et et qui et. Est qui quia ipsam iure aut omnis quae.', '1982-05-07 19:19:29'),
(370, 4, 37, 'Et et veniam voluptatem soluta quia. Ullam reiciendis dignissimos in hic at nostrum. Sed quam rem ut at perferendis et.', '1999-07-08 12:43:43'),
(371, 3, 38, 'Excepturi molestiae ad nam provident nam ut qui. Maiores debitis est voluptatum similique. Incidunt ex ex sint quos laborum consequatur sed voluptas. Repellendus quis aliquid nulla rerum aut.', '1984-08-25 01:16:56'),
(372, 2, 38, 'Consectetur qui aliquid est similique voluptas dolores quibusdam. In non deserunt sit. Voluptate ratione minus eum numquam provident et dolores.', '2012-02-21 21:37:47'),
(373, 7, 38, 'Laudantium omnis optio vel veritatis sit rerum. Quibusdam voluptas quod voluptate quibusdam facere quia expedita. Deleniti fugiat incidunt aut odit voluptatum eum.', '1970-04-18 11:55:42'),
(374, 9, 38, 'Et aut soluta quae corrupti assumenda. Fuga dolorem explicabo quidem sit quo. Et aspernatur et reprehenderit dolor unde. Quos adipisci incidunt a et sequi quas ratione.', '1975-07-07 03:01:58'),
(375, 6, 38, 'Illum dolorum harum et facere itaque. Eum laudantium voluptate pariatur sed aliquam ex. Fugit hic tempora ipsa ut non temporibus eum.', '1970-02-05 20:36:08'),
(376, 7, 38, 'Tenetur voluptas tempore et neque facere at. Vel illum illo officiis dolorem soluta ut nam possimus. Nihil necessitatibus voluptas sit ea. Soluta maxime blanditiis quidem sint quia est atque.', '2007-02-12 06:18:55'),
(377, 13, 38, 'Natus vel quia officiis. Autem qui voluptates aut voluptatem nobis. Aut rerum ut ut enim ullam praesentium autem.', '1997-11-26 00:33:48'),
(378, 13, 38, 'Eum accusantium eligendi ipsa sit sed optio cupiditate ullam. Voluptas vel modi quas quidem velit dolor. Maxime rerum eveniet dolores et.', '2017-03-07 05:29:02'),
(379, 10, 38, 'Dolorum maiores et enim maiores quos harum mollitia. Sequi cupiditate magnam eius nobis odit aperiam. Quasi eum officiis voluptate odio.', '2000-05-26 04:57:43'),
(380, 14, 38, 'Ut eum illum eum est. Voluptatum qui aut ab quaerat. Repellat libero rerum sunt. Sit ex dolorem odio ut consectetur.', '1999-04-04 13:56:37'),
(381, 4, 39, 'Doloribus rem possimus laboriosam est earum. Autem maiores molestiae sint tempora. Possimus eligendi nihil accusantium ipsa consequatur quae qui aspernatur.', '2007-04-16 18:10:46'),
(382, 10, 39, 'Saepe voluptas adipisci autem id dolorem. Dignissimos sunt molestiae quae qui sed temporibus at. Id quia consectetur mollitia dolore voluptas ratione. Aperiam eveniet perspiciatis eligendi ipsum.', '1998-08-12 05:03:12'),
(383, 12, 39, 'Aut quia aut commodi aut ut et facilis. Nesciunt maxime ducimus non minus laborum. Maiores suscipit dolor quia laboriosam voluptates sed ipsum consequuntur.', '1994-07-08 17:50:53'),
(384, 12, 39, 'Alias iusto eligendi vero illum. Aliquid sunt reiciendis at impedit vero amet ea. Consequuntur voluptate et nisi nesciunt iste.', '1993-05-30 03:52:26'),
(385, 2, 39, 'Error omnis temporibus adipisci voluptatum ducimus. Sit repellat ullam quam voluptate quis. Nihil nobis ex temporibus et vel aut impedit aut. Ut voluptatem voluptatem saepe ducimus ea assumenda.', '2001-02-26 00:16:50'),
(386, 2, 39, 'Autem itaque quam error qui et inventore voluptas laborum. Quibusdam debitis facere voluptates cumque voluptate molestias. Maxime sunt cum amet ut incidunt temporibus.', '1995-05-09 01:33:28'),
(387, 2, 39, 'Provident doloribus repudiandae ipsa ipsum quasi autem. Minus dolore provident voluptas quia eum inventore. Vel veritatis non sunt quas ab.', '1974-06-22 16:18:27'),
(388, 10, 39, 'Laborum tempora temporibus porro exercitationem occaecati. Eveniet molestias id nam voluptatem.', '2008-05-07 23:30:45'),
(389, 7, 39, 'Facilis repellendus porro repellendus totam. Architecto vitae laboriosam corrupti ut quo quam. Qui est odit quo adipisci vitae qui praesentium.', '2014-12-01 10:14:59'),
(390, 2, 39, 'Non fugiat neque ut et exercitationem. Rem consequatur amet iure ea.', '1998-03-12 08:29:10'),
(391, 11, 40, 'Animi et reprehenderit necessitatibus consequatur. In quaerat omnis ab dolores quia. Doloribus dolorum fuga quisquam a voluptas.', '1984-12-12 01:49:57'),
(392, 11, 40, 'Esse voluptatem porro quia dignissimos dolor id autem. Est enim et quibusdam quia rerum esse delectus qui. Maxime et accusantium et qui incidunt.', '1995-07-29 00:53:29'),
(393, 9, 40, 'Totam nihil sint pariatur et. Aliquam et repellendus recusandae impedit magni. Non qui quo quis quam id. Officia eius quisquam nemo omnis quia.', '1984-06-10 04:02:51'),
(394, 12, 40, 'Ut quod et veniam provident cumque qui minus iure. In a autem atque velit exercitationem dolores labore aut. Accusantium quasi sapiente vitae est et omnis. Repudiandae adipisci nihil eum nisi.', '1986-01-31 04:09:19'),
(395, 7, 40, 'A asperiores quasi iure quam. Est consequatur ut dolore error vel vitae saepe. At optio possimus voluptatibus aliquam ipsam quas animi beatae. Blanditiis est et error voluptatibus et sunt.', '1998-10-15 01:50:11'),
(396, 11, 40, 'Molestias nulla provident distinctio est. Dolor odit provident sit perferendis laborum quos occaecati quas. Eum ea dolorum asperiores totam hic quidem quam sequi.', '1970-08-23 03:08:18'),
(397, 10, 40, 'Autem est rerum perferendis mollitia adipisci. Sed quia et fuga quaerat quia. Ut libero reprehenderit ducimus ut.', '2000-09-18 11:51:14'),
(398, 5, 40, 'Sit non officia explicabo quia aut inventore vero deserunt. Accusamus sed rerum dolore suscipit. Iste qui culpa consequuntur et. In quidem nihil illum impedit qui.', '1995-08-11 07:26:35'),
(399, 5, 40, 'Id dolores molestiae earum laborum fugit. Voluptate quia qui saepe maiores et autem est optio. Tempore reiciendis voluptatibus dolorem saepe aut. Molestiae soluta unde at quasi quos.', '1987-05-06 05:45:54'),
(400, 9, 40, 'Odio aut accusantium modi dolor eos. Cum illo veniam corporis quas ipsam repellat qui illo. Dolor quo corrupti et quis. Culpa quia nobis quisquam sit quia excepturi.', '2010-05-30 00:45:21'),
(401, 13, 41, 'Labore magni voluptatem velit impedit. Non vel illo in nihil et tempore sed a. Possimus aliquid a nihil aut ipsam quia expedita quo. Laudantium nihil eius at veritatis tempore.', '1998-03-29 08:59:46'),
(402, 12, 41, 'Corrupti similique ea minus nihil sequi excepturi. Error omnis dignissimos beatae ullam tempora. Voluptatibus et autem cumque voluptatem cum.', '2011-10-05 10:32:02'),
(403, 7, 41, 'Dolor expedita sunt assumenda consequatur. Ut aut dignissimos facere velit rerum. Fuga laudantium et laboriosam commodi dolor dolores rem.', '2014-11-17 23:00:35'),
(404, 5, 41, 'Dicta ipsam quos fugit dolor. Reiciendis aut sit maiores voluptas sed nisi nihil. Id minus sit itaque occaecati delectus illo. Voluptatem sunt necessitatibus ut consectetur.', '2012-09-08 05:01:12'),
(405, 10, 41, 'Tempore consequatur alias odio iure dolorem aut. Assumenda cumque est nulla modi nisi aliquid saepe. Dolores molestiae blanditiis reiciendis odio quidem. Corrupti qui consequatur error doloremque.', '1982-11-03 09:51:30'),
(406, 8, 41, 'Necessitatibus et non nihil praesentium nesciunt quae. Voluptatum et officia qui et officiis facere dolorem. Mollitia ut laudantium facilis saepe necessitatibus temporibus dignissimos.', '1994-04-07 12:55:12'),
(407, 10, 41, 'Occaecati saepe qui dolorem vitae. Qui consequatur dicta quis fugiat optio sapiente. Voluptatem unde fugiat libero exercitationem voluptas omnis. Suscipit quasi qui provident cumque nulla.', '1977-12-11 00:05:30'),
(408, 3, 41, 'Id error reprehenderit beatae animi temporibus nihil. Qui sed quia eaque quia nobis qui.', '1979-12-22 01:45:48'),
(409, 14, 41, 'Et sit enim nulla aut consectetur autem consequuntur. Ipsam magnam est quae officiis quasi. Laboriosam ab sunt at sint aspernatur. Soluta consectetur nihil incidunt quasi rem delectus.', '1989-07-19 11:56:00'),
(410, 4, 41, 'Qui et debitis vero aut illo. Perferendis modi sequi repudiandae.', '1998-08-17 21:08:14'),
(411, 9, 42, 'Autem aut deleniti est iure totam ut harum. Repellat sit ullam quasi voluptate asperiores et ea. Aut repellat et quam ut facere omnis exercitationem. Distinctio laudantium aut odit at ad.', '1993-01-22 09:03:45'),
(412, 12, 42, 'Incidunt qui itaque sit ut. Error explicabo rem voluptate exercitationem consequatur voluptas. Autem et aliquam esse aspernatur aut voluptas et. Libero reiciendis sunt nesciunt consequatur.', '2018-02-01 04:10:47'),
(413, 10, 42, 'Itaque voluptatem ex occaecati consequatur aut et sit. Quae ea enim eum tempora tempore quia iusto. Magnam officia quia ducimus itaque ut dolores modi.', '1988-01-13 09:17:53'),
(414, 14, 42, 'Vel sunt voluptas nobis harum. Inventore sunt voluptates cupiditate adipisci incidunt. Error sunt recusandae dolor vitae.', '1996-09-19 15:36:50'),
(415, 12, 42, 'Corporis fugiat reprehenderit rerum ut. Voluptatem est nihil dolorem at et occaecati. Doloremque distinctio libero ut numquam similique expedita nemo.', '2003-07-17 23:49:31'),
(416, 4, 42, 'Reprehenderit et iste impedit laborum quaerat quia. Reiciendis temporibus corrupti necessitatibus ut saepe. Et et dolores molestiae nihil.', '1989-07-03 09:44:20'),
(417, 8, 42, 'Repellendus perferendis illum vel officia. Aliquam placeat ut animi similique in nihil. Deleniti laborum et ipsum aut iure. Iste voluptas optio voluptatem corporis occaecati quo.', '2001-11-14 00:22:00'),
(418, 4, 42, 'A dolor odio accusamus dolor qui sunt excepturi. Distinctio modi assumenda suscipit adipisci. Enim aut odit aspernatur architecto est.', '2017-04-08 15:54:08'),
(419, 13, 42, 'Ipsa autem in ipsum laborum non occaecati et. Nihil animi aut natus libero est ut ea. Id dolorem reiciendis qui et quo quia. Eos nihil id quia molestiae nulla commodi.', '2015-06-15 20:43:47'),
(420, 5, 42, 'Est enim voluptatem et eos ratione est debitis. Vel dolores iusto ab nemo eum quo optio molestiae. Qui repellendus accusantium omnis aut laudantium nulla.', '2008-01-30 08:44:24'),
(421, 4, 43, 'Consequatur ab quo itaque. Vero quae quas voluptatem maiores occaecati ipsum nisi nostrum. Officia hic consectetur eius quia sint.', '2001-03-06 13:14:45'),
(422, 5, 43, 'Molestiae quia suscipit totam vel. Aut eveniet ad quia quis quia eligendi. Est voluptatem aut quas eum.', '1977-05-14 11:27:14'),
(423, 14, 43, 'Aut sequi doloremque dolor adipisci. Voluptatem magni voluptates qui est quia quas. Sed dolor non illum minima minus eveniet.', '2003-09-10 03:55:49'),
(424, 2, 43, 'Culpa eum est atque. Illum qui vel amet voluptatem eos unde est. Ullam hic quo ipsa cupiditate. Est enim rerum dolorum exercitationem.', '2012-02-23 18:45:10'),
(425, 9, 43, 'Ad expedita aliquam praesentium quia cupiditate nihil. Voluptatem deserunt quisquam molestiae minima. Harum in sequi rem molestias repudiandae et iste.', '1994-08-18 20:47:06'),
(426, 5, 43, 'Ut rerum atque voluptas iste sint ullam vero. Et recusandae qui nam ut.', '1975-01-17 07:13:30'),
(427, 3, 43, 'Eos consequatur aut qui inventore. Sunt sit voluptate sapiente dolorum alias minus. Accusamus aut velit voluptatum et quia.', '1970-02-07 18:10:34'),
(428, 12, 43, 'Sint corrupti quam aspernatur totam consequatur. Consequuntur ipsa quis quidem quia eum harum maxime error. Omnis vitae hic incidunt et itaque laboriosam quaerat. Eum odit voluptatem eum.', '2018-09-04 00:21:26'),
(429, 5, 43, 'Aut asperiores laudantium ipsam officiis ullam. Adipisci eos autem optio fuga. Et non eligendi voluptates. Quasi quod qui sequi culpa. Animi dicta inventore est delectus.', '2006-03-09 06:35:28'),
(430, 11, 43, 'Quia qui et aut et odit ut. Rerum harum eos enim ipsum rem quaerat. Voluptatum quasi repudiandae impedit qui est. Itaque veritatis minus qui alias.', '1982-12-08 23:51:06'),
(431, 5, 44, 'Rem ab perspiciatis architecto consectetur dolor quo occaecati. Dicta odio velit eius quia est. Magnam voluptatibus dolor est nihil commodi tempora non provident.', '2012-06-27 15:26:09'),
(432, 4, 44, 'Dolore deserunt delectus voluptatem accusamus. Sapiente veniam qui aliquid. Qui eaque tenetur odit nulla ullam non.', '2011-06-26 03:51:15'),
(433, 10, 44, 'Velit atque et magni. Et enim corporis voluptatem voluptates autem voluptates.', '1972-11-23 11:51:07'),
(434, 4, 44, 'Delectus debitis quia molestiae non hic temporibus. Doloremque blanditiis architecto consectetur nam omnis voluptas officia. Excepturi quae quod placeat id. Ut voluptatibus dolore sed.', '2002-10-13 19:37:35'),
(435, 9, 44, 'Quaerat et est sint quas aspernatur numquam quia. Neque in iure aut in itaque voluptatem. Quia quibusdam ut veniam nostrum dolores aut. Non rerum vitae quo quia doloremque labore similique.', '2008-04-20 00:51:43'),
(436, 12, 44, 'Aliquid corporis aut et ut recusandae omnis. Voluptatibus ea officia enim aut dignissimos molestiae eum. Dolorem vel dolorem quia qui.', '2014-06-30 21:22:53'),
(437, 3, 44, 'Cum rerum ratione dignissimos. Fugiat eligendi unde beatae. Consequatur nihil facere distinctio. Animi sunt error dolor et accusamus vitae. Aliquid amet aut sint quis. Minima sunt qui earum.', '2015-06-04 04:18:45'),
(438, 5, 44, 'Commodi et at consequuntur ut et. Et voluptatem blanditiis non praesentium et sapiente quia. Et perferendis sunt est nesciunt dignissimos. Voluptatem aut consequuntur eaque et laborum.', '2012-09-16 01:24:30'),
(439, 12, 44, 'Ab amet corrupti corrupti et ut et non. Laborum sunt qui cumque et soluta iure autem. Molestiae ut est quia repellendus voluptatem neque incidunt.', '2000-01-01 09:49:58'),
(440, 11, 44, 'Facere voluptatem impedit et excepturi cumque. Impedit eaque dolorem quia necessitatibus voluptatibus dolores quae.', '1993-08-18 09:28:01'),
(441, 5, 45, 'Ut labore ea velit accusamus nemo quas tempore eius. Sint sit architecto neque dolor praesentium laboriosam.', '2014-03-14 22:41:48'),
(442, 3, 45, 'Suscipit ducimus atque et maxime est ut sapiente. Ex necessitatibus aut aut aut. Et rerum sed rerum aut dolores fugit. Iusto et molestiae laborum minus dignissimos et.', '2014-03-08 16:05:29'),
(443, 3, 45, 'Minus iste voluptatem fugiat quaerat laudantium. Dolorem laboriosam aliquid enim facilis minima voluptatem recusandae. Distinctio nostrum delectus a commodi dolores eos quis eligendi.', '1991-10-30 08:40:02'),
(444, 6, 45, 'Omnis vel ut aliquid tenetur animi illum doloremque officiis. Quas quod animi doloribus modi aut quod. Repellendus error facilis unde laborum voluptas.', '1981-06-25 13:00:54'),
(445, 6, 45, 'Tempora totam libero quisquam alias. Ut enim accusamus doloremque est. Rerum optio quia et. Dolor sit reiciendis laudantium sapiente quam voluptatem ratione sapiente.', '1971-08-25 03:37:43'),
(446, 8, 45, 'Nobis ut ea ipsa eaque repudiandae expedita. Labore nemo reprehenderit sequi quia culpa. Rerum dignissimos facilis dolorum debitis qui repellendus voluptatibus vero. Sed officiis maxime porro.', '1991-11-18 15:48:29'),
(447, 3, 45, 'Ad deserunt omnis eos quasi. Vel et unde in sed. Temporibus molestiae iure quia laborum ut corrupti. In et sint ut deserunt dolores recusandae mollitia.', '2000-12-19 14:06:35'),
(448, 13, 45, 'Voluptate sint repudiandae est non necessitatibus quibusdam. Repudiandae consectetur ratione quia maxime esse saepe necessitatibus. Quae iste magni atque accusamus.', '2010-05-02 02:45:13'),
(449, 14, 45, 'Vel temporibus libero illo sequi modi ipsum itaque molestiae. Quos molestiae sed quis animi. Quod est est ipsam ut sunt maxime illo. Modi id dignissimos maxime sint officiis enim error.', '1981-09-24 22:52:03'),
(450, 3, 45, 'Quod nulla illo laborum maiores voluptatem. Eligendi numquam consequuntur doloribus dolores.', '2017-09-23 13:12:08'),
(451, 13, 46, 'Est ad modi aut enim. Aut a voluptas molestias quidem veritatis quia. Reiciendis sint laborum corrupti ab. Nihil natus eos quod voluptas aspernatur.', '1996-01-10 18:26:31'),
(452, 9, 46, 'Voluptatem perferendis in temporibus quis. Nobis reprehenderit id quod error iure rem rerum impedit. Autem eaque eos cum perspiciatis deleniti aut. Quis omnis est laudantium eaque atque architecto.', '1992-11-03 23:53:33'),
(453, 12, 46, 'Aliquid tenetur suscipit suscipit laboriosam molestias enim. Saepe veniam doloremque nam et ipsam repellendus ab. Et distinctio nesciunt eligendi nam qui.', '1979-03-17 18:39:39'),
(454, 10, 46, 'Laboriosam distinctio error est perspiciatis et corporis. Harum illo veniam perspiciatis quae. Deleniti maxime sunt nemo fugit consequatur quae et omnis.', '1999-07-19 01:30:45'),
(455, 8, 46, 'Excepturi cum perferendis ullam minus nostrum architecto. Veritatis earum modi illo maiores explicabo perferendis. Vitae aut non optio voluptas.', '1974-03-28 06:43:20'),
(456, 9, 46, 'Dolorum veritatis ipsa ducimus. Autem sed sint cupiditate tempora quia expedita repellat. Et deleniti expedita quia est dolorum.', '1983-04-17 18:55:02'),
(457, 2, 46, 'Omnis quisquam assumenda autem quo. Et provident rerum accusantium dignissimos. Amet et quia maxime doloribus.', '1998-02-22 07:14:55'),
(458, 13, 46, 'Non voluptates doloremque quod quis veritatis. Laboriosam autem repellat ullam cumque nemo tempora. Fugiat et cum a eos. Illo sit debitis qui ab sit omnis eum non.', '1984-11-17 01:30:32'),
(459, 2, 46, 'Est adipisci nihil facere ea. Fugiat optio enim aut ex culpa sapiente inventore ex. Rerum laudantium qui est.', '2001-03-20 03:15:13'),
(460, 3, 46, 'Amet consequatur est nobis ab illo tempora. Expedita natus quia doloremque veniam consequatur. Ipsa aut recusandae aut aut quod fugit.', '1993-05-12 02:34:31'),
(461, 9, 47, 'Aliquam quia adipisci ducimus maxime et rerum. Illum omnis qui eum accusantium.', '1977-10-26 20:08:11'),
(462, 6, 47, 'Tempore aliquam laudantium laudantium magni voluptatem dolor. Quia aut totam nisi. Molestiae ut vel dolores non fuga ipsa adipisci et.', '2017-08-10 10:31:40'),
(463, 3, 47, 'Molestiae aliquid esse ut voluptatum et. Eligendi optio recusandae ut esse laudantium. Et officiis autem aliquid ipsa soluta.', '2002-12-06 17:23:18'),
(464, 9, 47, 'Neque ea similique vel rem ea aut. Quibusdam itaque ullam qui possimus deleniti sit itaque enim. Iure tenetur excepturi officia quod iste id eos. Quam accusantium tempora alias ea.', '2018-04-19 15:48:53'),
(465, 11, 47, 'Aliquam asperiores occaecati eos pariatur voluptatibus. Est quae nobis nihil. Ex dicta sequi deleniti sed est consequuntur voluptas.', '1972-07-09 04:36:36'),
(466, 12, 47, 'Sequi ut et quia voluptas. Nemo rem est dolores doloribus. Numquam quo ut est in corrupti.', '2003-06-15 08:59:32'),
(467, 12, 47, 'Commodi laboriosam quod officia qui illum quasi eligendi rerum. Sed hic et dolores hic. Non rerum sed animi.', '1987-12-12 06:22:09'),
(468, 5, 47, 'Et repudiandae nam dolore et. Amet facere quia veritatis facilis dolores. Eos voluptates quidem non itaque et enim quidem.', '2016-12-16 05:20:22'),
(469, 3, 47, 'Vitae voluptas qui aut sint voluptas esse quo. Aliquid molestiae est deserunt non. Minus voluptatem rerum vero ex. Beatae est porro omnis eveniet veritatis provident.', '1984-05-01 03:08:42'),
(470, 10, 47, 'Voluptatibus rerum est voluptatem odit consequatur. Quae quia rem corrupti distinctio esse illo. Temporibus tempora quisquam quod error rerum omnis perferendis sit.', '1994-04-29 08:20:42'),
(471, 6, 48, 'Amet a quos voluptate dolores tempora suscipit voluptates. Explicabo odit tempora nesciunt tenetur nam voluptatum. Cumque consequatur eius nihil nam qui accusantium atque.', '2013-11-21 12:10:33'),
(472, 10, 48, 'Vel ut veniam voluptatibus ut excepturi. Sit atque quasi nihil hic animi quam aut. Et eligendi voluptatem labore accusantium.', '2000-01-13 04:59:36'),
(473, 6, 48, 'Ut nobis quisquam qui ducimus commodi molestiae et. Aspernatur qui sunt iusto consequatur eos similique delectus. Ab vero officiis ipsa doloremque. Veritatis molestiae sit facilis tempora rerum.', '1980-12-19 18:35:21'),
(474, 11, 48, 'Incidunt nihil accusamus aut enim ratione odio. Hic quibusdam cupiditate ducimus rem molestiae alias. Harum ut ad omnis quia necessitatibus.', '1994-10-10 04:53:10'),
(475, 13, 48, 'Rerum non voluptas consequatur saepe sit ratione possimus. Aliquid explicabo molestias consequatur quos. Consequatur delectus voluptatibus dolor rerum id.', '1976-04-04 23:59:19'),
(476, 12, 48, 'Quia molestiae quia distinctio deleniti quos assumenda nihil. Doloremque repellendus totam dolores nisi dolorem. Est natus a velit est cumque qui. Et facilis velit at nesciunt.', '2001-07-06 00:16:54'),
(477, 5, 48, 'Molestias iusto libero repudiandae modi labore. Amet occaecati repudiandae aspernatur sint quae rerum magnam.', '2013-09-21 17:06:41'),
(478, 6, 48, 'Et provident voluptas aut enim sunt. Quia ipsam adipisci voluptatum sit corrupti quia. Placeat vel ut voluptate tempore ut aut facere. Enim molestias explicabo repellendus cumque veritatis.', '2011-04-24 00:28:17'),
(479, 14, 48, 'Aperiam sequi eum dicta rerum explicabo earum numquam. Minima corrupti eveniet cum pariatur corrupti.', '1995-12-26 13:04:19'),
(480, 11, 48, 'Repellat exercitationem occaecati qui qui deleniti. Dolorum eum commodi nostrum quae quis reprehenderit aliquid.', '2012-07-13 15:55:42'),
(481, 9, 49, 'Totam voluptas incidunt reprehenderit voluptate. Et itaque doloremque molestiae vero cum itaque. Sed in repudiandae qui nam. Ex omnis omnis molestiae dolorem.', '1994-12-05 19:06:57'),
(482, 3, 49, 'Nihil facere pariatur tempore necessitatibus. Eos explicabo perspiciatis voluptate voluptatem.', '2018-09-04 18:30:56'),
(483, 4, 49, 'Ullam rerum nostrum occaecati quia. Numquam molestias quisquam aperiam iure dolorem. Aut quidem ut ipsam molestias.', '1980-02-09 04:24:00'),
(484, 6, 49, 'Qui praesentium nulla voluptatem cumque molestiae quia. Similique rerum unde consequatur animi aut eos. Mollitia neque et magnam dolor omnis aut cumque.', '1971-07-09 00:02:47'),
(485, 3, 49, 'Nesciunt error dolorum velit laudantium. Laudantium incidunt ipsa soluta eaque nihil ea quis. Dolores nam et est et et fuga.', '2000-05-23 15:54:14'),
(486, 4, 49, 'Molestiae et quibusdam consequuntur vitae. Amet cumque voluptas velit pariatur perspiciatis. Minima numquam eos impedit nam molestias.', '1976-01-31 06:16:33'),
(487, 10, 49, 'Amet voluptate quas sequi nihil reprehenderit. Ipsam eligendi pariatur reprehenderit eveniet. Officia velit alias error fugit. Voluptatibus dolorum labore repellat omnis deleniti ab voluptate rerum.', '2019-08-20 05:52:05'),
(488, 11, 49, 'Fugiat consequatur voluptate sunt corporis possimus sint repellat temporibus. Et quaerat incidunt quia quia aut dolor. Rem architecto tempore dolorum veritatis sed earum qui.', '1998-09-20 08:25:28'),
(489, 8, 49, 'Magni a consequatur aut. Doloribus voluptas labore doloribus. Voluptas quod eum ipsa blanditiis ex vel. Numquam voluptatum aut nulla quo hic.', '1996-12-17 19:00:49'),
(490, 9, 49, 'Voluptas aut laudantium non. Dicta quos et cupiditate. Dolor libero laborum tempora aperiam temporibus. Excepturi numquam provident eius dolorem.', '2006-11-08 16:55:17'),
(491, 5, 50, 'Mollitia at aspernatur illo accusantium ducimus labore. Repellendus laborum sapiente numquam qui occaecati sit incidunt. Consequatur laudantium velit ipsa qui aspernatur dolores.', '2006-08-31 17:43:11'),
(492, 2, 50, 'Sed maiores cupiditate neque nihil aut rem libero. Atque aspernatur debitis architecto ex mollitia. Est qui veniam consequuntur ducimus nihil optio.', '2015-06-18 07:20:30'),
(493, 7, 50, 'Distinctio aliquid quo in. Eveniet et minima natus facilis ipsa. Qui iure provident porro velit eum exercitationem doloremque. Id molestias ipsa velit inventore. Consequatur fugit sunt iusto vel aut.', '1976-01-16 13:16:57'),
(494, 4, 50, 'Impedit voluptatem rerum ab. Eum ea voluptas sint officia ullam et dolores et. Est odio aut ducimus aliquid commodi deleniti dolor. Autem eaque repellat fugiat totam corporis consequatur quia.', '2005-05-07 09:08:18'),
(495, 13, 50, 'Voluptatum vel mollitia enim asperiores. Quibusdam labore odio vel molestiae modi consectetur dolorem fugit. Laboriosam qui eum et est totam.', '2010-04-22 23:04:30'),
(496, 4, 50, 'Quia nostrum dignissimos excepturi et libero. Illum eum fuga occaecati. Et quod illum autem itaque et praesentium qui reprehenderit. Beatae sint veritatis fuga corporis et et sit.', '1987-11-03 11:09:45'),
(497, 6, 50, 'Minima est et ducimus earum rerum. Consequatur enim quia libero. Numquam cum nam tempore vero. Quod reiciendis est magnam atque. Quia architecto ut eos omnis. Qui ut aut cupiditate maxime voluptatem.', '2006-01-19 16:24:55'),
(498, 12, 50, 'Quam porro harum sunt quia minima. Fugit natus sit quibusdam rem dolor ad. Voluptas sit aut officia.', '1982-12-21 16:41:33'),
(499, 5, 50, 'In qui hic temporibus veritatis dolores architecto. Minima deleniti nostrum porro est et dicta eius. Et aut rem quidem maxime quo sint eos.', '1999-11-12 17:17:07'),
(500, 5, 50, 'Perspiciatis repellat doloribus ut ex molestiae iure. Aut architecto quae eum unde soluta dignissimos provident. Facere dolor fugiat placeat quidem neque.', '2019-01-21 05:28:05'),
(501, 5, 51, 'Porro delectus qui expedita minus beatae. Aliquam quos voluptatem qui iusto. Natus animi ducimus quos omnis. Expedita aut exercitationem animi sed maxime iusto ab.', '2019-10-03 19:28:39'),
(502, 8, 51, 'Quidem aut excepturi exercitationem quia eveniet. Autem nostrum quis doloremque ipsa voluptatem. Quis rerum quia dolor tenetur vel dolorem. Expedita tempora dolores aut sapiente.', '1986-07-20 21:12:01'),
(503, 6, 51, 'Repellendus sequi quod perferendis dolorem. Architecto aut et voluptatum tempora eveniet. Eligendi maxime illum eaque sit omnis velit fugit.', '1972-02-25 08:07:10'),
(504, 14, 51, 'Molestiae necessitatibus magnam qui similique sapiente. Culpa asperiores ad velit velit. Consequatur maiores amet aperiam dignissimos consequatur aperiam.', '2006-03-17 10:22:00'),
(505, 4, 51, 'Omnis consequatur in dicta dolores distinctio ab. Reprehenderit enim blanditiis enim non nobis esse. Illum in dolores magni minima voluptatem voluptas. Quis error et error cumque sit.', '1991-12-23 02:59:24'),
(506, 7, 51, 'Dolorem illo magnam aut placeat qui. Aliquid qui iure occaecati qui quidem. Perspiciatis aliquam dignissimos animi tenetur iure voluptatem non. Praesentium sapiente et veniam excepturi.', '2007-07-17 16:28:06'),
(507, 6, 51, 'Ipsa aliquid corporis deleniti molestias. Repellendus soluta mollitia in rerum. Ipsa quam debitis molestiae qui.', '2017-09-09 23:24:54'),
(508, 14, 51, 'Eum atque nesciunt quia nostrum at. Unde iusto aut perferendis voluptate ut. Quo excepturi saepe est.', '2016-12-15 03:50:24'),
(509, 6, 51, 'Veritatis aut voluptatibus possimus. Quod enim sit est distinctio in blanditiis.', '1998-01-05 13:47:59'),
(510, 13, 51, 'Tenetur distinctio adipisci natus tenetur tenetur est. Recusandae hic necessitatibus omnis. Architecto id iusto nemo maxime corporis nostrum. Et omnis voluptatem provident laboriosam dolor delectus.', '1983-05-02 05:26:08'),
(511, 5, 52, 'Non aut libero mollitia cupiditate in. Ipsum rerum recusandae autem sed architecto. Assumenda vitae totam fugit odio in. Expedita ea corrupti consequatur quis vel aut autem impedit.', '2020-01-09 22:19:39'),
(512, 11, 52, 'Eum ex cupiditate sapiente et quia odio vel. Laudantium sit quae quia nam possimus. Earum iste qui fugit vitae facilis nesciunt quo beatae. Sint velit voluptas nobis pariatur magni tempore.', '1998-10-29 04:40:59'),
(513, 7, 52, 'Omnis ipsa reiciendis quis expedita adipisci. Aut dignissimos non eum placeat. Rem maiores quia repellendus.', '1978-04-21 10:45:08'),
(514, 12, 52, 'Reiciendis est distinctio quibusdam molestias inventore. Nostrum sint ab amet quidem optio. Voluptate vel id ad sapiente et enim numquam. Magnam dolorem recusandae enim exercitationem occaecati.', '2004-10-21 08:51:52'),
(515, 9, 52, 'Laudantium dolor dolorem omnis quod aut molestiae. Officia voluptatem qui exercitationem odio consequuntur sint rerum. Et sit sint rerum nesciunt. Sit recusandae assumenda totam sunt quas qui sequi.', '2005-09-05 19:04:27'),
(516, 12, 52, 'Aut et voluptatem maiores tenetur. Minus voluptas dolor est facilis. Rerum ullam qui est ut similique amet. Amet accusamus cumque est vel non non.', '2017-04-16 01:56:11'),
(517, 10, 52, 'Iure animi asperiores explicabo. Odit excepturi provident qui veniam modi repellat. Itaque incidunt animi iure quisquam consequuntur.', '1990-07-24 22:35:05'),
(518, 7, 52, 'Qui et voluptatem explicabo. Similique non ea blanditiis. Quas vitae eum ullam aperiam nostrum deleniti. In odio et consequuntur.', '2007-07-10 02:24:48'),
(519, 9, 52, 'Mollitia asperiores non laboriosam dolorum optio ea. Qui officiis animi unde reprehenderit. Praesentium eaque et tempora repellendus accusamus.', '1986-11-06 10:29:25'),
(520, 5, 52, 'Non eum officia et deleniti omnis. Et doloremque iure ut autem velit culpa quaerat. Molestiae ab provident quod et.', '2000-08-22 02:10:08'),
(521, 8, 53, 'Asperiores voluptate sapiente similique consequatur dignissimos veniam. Maxime velit velit ut perspiciatis dolores et eum. Dicta aut consectetur accusantium perferendis ratione aliquid.', '2010-01-01 12:38:19'),
(522, 8, 53, 'Est et magnam quidem consectetur. Sunt voluptatem qui eligendi a et. Voluptatum sed est consectetur excepturi vero est ullam.', '2000-01-18 21:12:57'),
(523, 2, 53, 'Aut eveniet est id at. Aliquam mollitia et dicta quaerat amet. Voluptatum aliquam ea minima. Quo laudantium aperiam voluptates qui.', '2019-01-18 11:07:20'),
(524, 13, 53, 'Sit molestiae est officiis dicta quidem vitae soluta. Qui non accusantium quos. Qui aut fugiat repellendus veritatis repudiandae porro culpa. Voluptatem est mollitia qui assumenda illo.', '2002-04-23 23:45:14'),
(525, 7, 53, 'Eius facilis quae at id. Veritatis optio vero deserunt totam quia debitis ullam. Dolor quia et quas asperiores mollitia officiis non. Rem cum est quia delectus.', '1991-09-24 20:52:11'),
(526, 12, 53, 'Accusantium voluptatem consectetur sed omnis qui consequatur. Id perspiciatis ducimus et ut ad quia eveniet. Et facilis harum esse eos sed quo.', '2018-01-05 07:56:43'),
(527, 6, 53, 'Illum sunt recusandae sint est. Pariatur incidunt ullam amet delectus voluptas velit quia qui. Rem dicta totam aut maiores architecto alias reiciendis.', '1975-03-07 17:31:50'),
(528, 3, 53, 'Eius aliquam magni dolore totam est voluptas. Et reiciendis aut quia ullam consequuntur modi aspernatur culpa. Officiis ad ad tempore soluta inventore rerum tempora. Voluptas ut itaque dolores quia.', '1973-04-13 09:38:50'),
(529, 10, 53, 'Cum sed molestias aut natus accusamus aut eius. Reiciendis aut et quia animi voluptas ut molestias.', '1975-12-08 23:10:51'),
(530, 10, 53, 'Et aspernatur commodi iusto consectetur consequatur quam. Qui pariatur vitae in temporibus et. Cumque et error voluptatem eos.', '1976-06-28 09:11:55'),
(531, 9, 54, 'Qui vero sit natus nostrum inventore non consequatur. Quibusdam qui est aut dolor ut ratione et. Et quis ipsa minima excepturi.', '2004-01-11 04:16:36'),
(532, 5, 54, 'Esse laudantium saepe voluptatibus accusamus sit recusandae. Facere sed libero et consequatur commodi tempore est. Error officiis tempora tenetur ipsa ipsum accusantium voluptatem eligendi.', '2012-08-11 16:35:05'),
(533, 9, 54, 'Molestias repellendus voluptatem alias. Magni vero sequi laboriosam recusandae neque in quas. Quas maxime et odio facilis saepe. Eum nihil sunt nesciunt ut.', '1972-06-09 16:39:16'),
(534, 14, 54, 'Inventore consequatur tenetur consequatur itaque. Accusantium quis rerum magni sunt. Id sint dolorem assumenda consequuntur.', '2012-12-10 20:31:02'),
(535, 7, 54, 'Aliquam occaecati illo veniam enim. Eos non et tenetur laboriosam nesciunt qui voluptatibus.', '1976-07-25 08:40:44'),
(536, 6, 54, 'Ut quas ullam asperiores consequuntur dicta. Praesentium sit doloribus ipsam beatae ut nihil deleniti. Ad et consequatur autem nihil dolore quia.', '2004-06-28 22:34:57');
INSERT INTO `post` (`id`, `author`, `topic`, `content`, `date`) VALUES
(537, 7, 54, 'Eum et quod dolore labore laboriosam dolorum. Assumenda quas minus eum. Iusto enim vitae quam perferendis temporibus animi. Distinctio sunt dolore blanditiis architecto natus magnam aut.', '2010-04-08 08:16:14'),
(538, 3, 54, 'Placeat tempore itaque porro quasi sint necessitatibus. Sapiente sed esse iure non alias aut id omnis. Et excepturi laborum veniam et assumenda corporis.', '2008-12-04 02:37:45'),
(539, 11, 54, 'Ea provident sunt et eos. Totam dolorem facilis et corrupti illo assumenda unde fugit. Sapiente sint tempore quibusdam et nemo.', '1975-09-27 17:39:57'),
(540, 7, 54, 'Earum id id atque autem. Sint placeat qui ipsa enim impedit ratione. Qui eaque consectetur quos cupiditate sit ut fugiat minus.', '1991-07-01 14:24:38'),
(541, 14, 55, 'Debitis dolorum eligendi consequuntur ipsum. Et suscipit accusamus error enim.', '2008-08-20 17:17:07'),
(542, 3, 55, 'Sapiente eum eum harum quidem. Minima sapiente doloremque iusto voluptas non eum ea.', '2008-07-10 21:41:08'),
(543, 9, 55, 'Saepe in temporibus quis. Eligendi ut ducimus ea impedit est sint. Ipsam impedit eos qui. Est cum dolore laboriosam voluptate fuga eum.', '1983-06-22 13:44:42'),
(544, 12, 55, 'Est dolorem error ut et quos quo excepturi. Iusto ipsum ea ullam natus itaque similique et et. Aut sint aut tempore vitae qui asperiores sint dolore.', '1973-09-28 20:54:22'),
(545, 7, 55, 'Et quod nulla nihil maiores aperiam. Sed corrupti debitis quasi nesciunt quam est molestiae. Est iste eveniet quidem fugiat voluptatibus vel. Dolore laboriosam qui officiis.', '1980-05-14 13:11:12'),
(546, 3, 55, 'Delectus velit error aliquam eos facilis. Repellat et molestiae blanditiis ab. Qui et a non et itaque.', '2004-07-19 04:41:35'),
(547, 7, 55, 'Et accusantium eum eos asperiores. Quia omnis non similique dolorem perferendis nesciunt reiciendis. Ipsam est deleniti ab exercitationem molestiae.', '2015-11-12 23:21:37'),
(548, 5, 55, 'Ab repellat perferendis omnis itaque. Explicabo est enim doloribus laboriosam.', '1999-02-02 13:23:51'),
(549, 10, 55, 'Quis veniam quis non non minima cupiditate quia. Voluptates ipsum ut ipsum ea. Omnis nobis nemo laudantium.', '1989-11-21 04:02:34'),
(550, 13, 55, 'Doloremque illum iure ipsam temporibus. Omnis magni porro sed. Odio fuga deserunt a voluptas sapiente quia. Placeat est voluptatibus consequatur odio modi illum.', '2004-02-12 22:03:02'),
(551, 9, 56, 'Labore voluptatum ut quidem doloremque. Aliquam ab est et repellendus et.', '1971-02-26 04:12:34'),
(552, 13, 56, 'Molestiae culpa quia aperiam voluptatem iste tenetur aut ad. Doloremque cupiditate vitae sit rem dolor. Qui culpa id fugiat quo aspernatur.', '1980-08-23 16:10:57'),
(553, 6, 56, 'Recusandae dolore beatae ratione molestiae aliquam. Qui dolore quos a sunt consequatur et distinctio. Voluptas inventore pariatur fuga dolorem magnam. Consequatur quo ab dolorum incidunt.', '2017-03-21 19:30:48'),
(554, 5, 56, 'Suscipit optio ut natus id. Distinctio dolore sint iusto ducimus fugiat. Ipsam et non fugit natus libero adipisci.', '2013-01-28 14:47:06'),
(555, 4, 56, 'Autem neque quas soluta aut. Assumenda iusto accusantium nesciunt tenetur ut ut. Sunt est et illo quod ab est tenetur qui.', '1996-02-12 08:38:40'),
(556, 3, 56, 'Impedit deserunt tempora quaerat delectus possimus enim necessitatibus. Nulla voluptatem officiis et quidem. Modi corrupti et cumque consequatur aliquid.', '1988-03-07 17:46:04'),
(557, 7, 56, 'Eos nisi excepturi voluptatibus deserunt consequatur. Molestiae ipsam doloremque porro aperiam iure.', '2018-06-10 21:19:08'),
(558, 12, 56, 'Est illum iure ut laboriosam animi neque. Quo cupiditate nemo assumenda. Veniam et enim quo alias consectetur qui ratione. Quia saepe dicta ex tempora.', '2011-05-16 22:23:50'),
(559, 7, 56, 'Quia autem aspernatur voluptas eum aliquid nemo vel. Similique nostrum ipsa recusandae exercitationem nam. Quis qui suscipit ut facilis autem.', '1979-08-21 07:35:47'),
(560, 8, 56, 'Provident nesciunt est repellendus magnam quae ut eum reiciendis. Perferendis magni qui qui et. Veritatis temporibus accusantium sed qui et eum ut. Tempora ut autem velit quos qui rerum.', '1970-11-08 02:17:24'),
(561, 11, 57, 'Sunt tenetur magni blanditiis vero aut qui. Molestiae distinctio aut dolore non blanditiis est. Nulla et enim delectus dolor quidem vel modi.', '2004-02-20 20:47:23'),
(562, 8, 57, 'Et dolores exercitationem voluptas sed et. Magni nemo provident consequatur quaerat reiciendis rem. Et veniam deserunt veritatis assumenda.', '1980-01-19 14:05:09'),
(563, 11, 57, 'Sit et facilis eos sed molestiae aut. Architecto perspiciatis quis quisquam animi ea et consequatur. Nam non est soluta asperiores. Odio rerum enim earum iure minus exercitationem.', '2020-04-21 14:06:34'),
(564, 10, 57, 'Non consequuntur nam reiciendis. Ea repellendus in optio mollitia. Aut ea aliquid vitae dolores.', '1970-06-14 08:09:22'),
(565, 10, 57, 'Itaque natus iusto molestiae sequi. Sunt odio vitae ad vero consequuntur et. Sed fugiat consequuntur delectus reprehenderit aut officia exercitationem sint.', '2002-02-22 10:23:36'),
(566, 12, 57, 'Consequatur veniam reprehenderit molestias ipsa sunt voluptatum aliquam. Totam ea praesentium vitae. Laudantium quis voluptatem reiciendis vel dolores.', '2012-05-30 21:10:49'),
(567, 2, 57, 'Voluptates non adipisci debitis porro illum ipsam quo voluptatem. Eum qui sunt tenetur voluptas autem. Vitae quia deleniti dolor iste eos eligendi non.', '1995-12-21 10:29:57'),
(568, 10, 57, 'Nam quo ad unde. Eos sed cumque minus ut sit aliquam est. Libero quibusdam doloribus ratione ut consequatur nam dicta. Nulla velit consequatur aut. Ratione eos explicabo quidem magni autem.', '2010-01-01 09:38:36'),
(569, 13, 57, 'Saepe non minima ad perspiciatis quo. Officia rerum a voluptatem quia totam sequi. Dolorem ea et veritatis iusto. Placeat dolores quis in neque beatae est.', '1972-04-03 08:24:02'),
(570, 5, 57, 'Ipsam minus assumenda voluptatem quis aut. Aspernatur nobis consequatur architecto dolor et numquam inventore. In ut qui et aut sint dolor tempore.', '2010-08-06 02:43:12'),
(571, 8, 58, 'Non porro consectetur similique quia cumque voluptate quos. Animi voluptatum distinctio rerum suscipit dolores temporibus blanditiis.', '1980-03-12 10:07:26'),
(572, 13, 58, 'Voluptatum unde sequi culpa accusantium amet. Repellendus quas omnis perferendis quaerat. Ratione nemo consequuntur culpa. Qui et reiciendis voluptas amet quia.', '1980-10-30 00:14:28'),
(573, 4, 58, 'Doloremque et quo reprehenderit earum optio. Autem quas accusantium atque suscipit ad ducimus. Totam eligendi voluptates odit.', '2011-01-25 04:15:03'),
(574, 3, 58, 'Odio voluptatem a et voluptatem illum adipisci consequatur. Enim sint soluta nisi facilis incidunt amet nulla. At maiores eveniet sint velit.', '1999-01-13 12:22:14'),
(575, 4, 58, 'Est possimus quo nihil facere tempore. Quia illo omnis quia quibusdam. Saepe maxime corrupti reiciendis quia totam.', '1972-10-02 13:04:01'),
(576, 5, 58, 'Tempore beatae recusandae consequuntur quia. Tempore quia ut qui commodi impedit et. Incidunt quia soluta corporis saepe. Repellat culpa voluptatem non.', '2014-05-08 16:13:03'),
(577, 3, 58, 'Consequatur eveniet nostrum libero dolor aut iure. Iusto qui quaerat facere ea a et hic. Aut non itaque qui ad vel atque.', '1990-08-22 23:03:30'),
(578, 8, 58, 'Odit ab neque officia ut ad. Sit ducimus neque ut officia eos. Porro nihil et aut nobis alias animi culpa.', '2004-06-28 09:25:21'),
(579, 10, 58, 'Ipsam sequi aut aut nihil ut dolor. Qui sed quasi sit assumenda ducimus expedita dolore ex. Eos et aut quo doloremque. Ipsam earum itaque beatae in doloribus qui.', '1984-06-18 06:10:11'),
(580, 11, 58, 'Sunt nostrum pariatur repudiandae eos et voluptate quod molestias. Consectetur rerum numquam est iste eum eos. Reiciendis est aut veniam qui illum id.', '1974-12-04 04:47:27'),
(581, 11, 59, 'Ut ea quidem harum tempora. Dignissimos quo numquam et non similique magnam voluptates. Sit provident sit et occaecati ab reiciendis hic qui.', '1979-07-25 03:36:21'),
(582, 14, 59, 'Aliquid ducimus deleniti praesentium aliquam. Rem iusto aspernatur qui optio sint impedit sit ut. Enim ex quo omnis est explicabo ut maxime. Esse iusto non adipisci et voluptatem aliquid incidunt.', '2018-12-22 14:02:31'),
(583, 14, 59, 'Quibusdam dolores rerum sit odio voluptatibus velit. Recusandae mollitia praesentium voluptatum iure.', '1980-02-04 12:18:29'),
(584, 4, 59, 'Voluptatem aspernatur sunt sed est qui. Aliquid id a atque voluptatem. Non ullam autem qui quis ad iusto.', '2000-08-13 18:47:09'),
(585, 13, 59, 'Et doloremque sunt omnis. Hic voluptatem quia ratione pariatur provident itaque aut soluta. Aut ab voluptates enim.', '2011-03-12 20:44:08'),
(586, 6, 59, 'Hic et aut dolores quod necessitatibus. Accusamus perferendis tenetur aut mollitia aperiam necessitatibus placeat. Eveniet sint magni voluptates omnis.', '1978-12-10 00:09:41'),
(587, 13, 59, 'Placeat sequi expedita et. Omnis cumque est ut error quia. Quo voluptas error odio. Et totam voluptate accusantium.', '1977-03-04 22:51:51'),
(588, 3, 59, 'Amet hic voluptatum dolores at. Libero quod cum hic tempora. Optio molestias consectetur amet consequatur eum aut.', '2014-11-13 23:07:09'),
(589, 7, 59, 'Molestiae fugiat temporibus necessitatibus rerum. Sequi earum velit et suscipit sed. Nam deserunt ab magni sunt.', '2006-05-24 13:44:38'),
(590, 2, 59, 'Mollitia laboriosam iure nostrum sed porro qui quibusdam facilis. Ad aspernatur amet sint nesciunt enim. Ut fugiat qui neque assumenda laboriosam ut. Magni eligendi tenetur quis quidem est excepturi.', '1987-06-23 07:29:57'),
(591, 13, 60, 'Vel vel facilis corrupti omnis voluptas. Quos velit culpa quia quia voluptas. Labore quam voluptatem molestiae quo vel. Veniam architecto sit eos consectetur incidunt ut.', '1991-03-14 08:50:02'),
(592, 9, 60, 'Libero doloremque autem quis commodi deserunt. Eveniet perspiciatis est voluptatem eius voluptas. Aut in quia similique et non.', '2008-10-27 16:12:58'),
(593, 10, 60, 'Laudantium debitis ut odit architecto. Sit et nostrum praesentium facere molestias soluta. Iusto dolorem repellat delectus ratione necessitatibus aliquid. Vitae quibusdam velit eveniet.', '2004-02-12 15:04:39'),
(594, 7, 60, 'Quas vel adipisci dolorum in at. Et laboriosam ex tenetur. Et quod voluptatem commodi fugiat sed sed tempore. Et in vel explicabo a qui qui sed quo.', '1974-01-08 15:09:31'),
(595, 5, 60, 'Eaque et repudiandae dignissimos rerum earum non. Facilis cum similique fuga optio quis. Et ipsam quis enim ipsa necessitatibus facere. Amet ab sint aut tenetur tempora.', '2019-12-31 17:45:05'),
(596, 8, 60, 'Aut enim explicabo et impedit. Fugit voluptatem sunt sit esse nulla modi labore. Minus voluptatem voluptatibus in.', '2002-01-11 05:00:31'),
(597, 11, 60, 'Atque non quasi ratione aut a quos sed. Laboriosam architecto et eos adipisci necessitatibus sunt. Omnis ad consectetur vitae qui enim iste porro.', '1981-12-13 09:52:08'),
(598, 7, 60, 'Porro quod quas voluptas similique. Ex dolor non maiores occaecati deleniti.', '1973-10-19 02:49:14'),
(599, 4, 60, 'Aut molestiae modi alias sit. Iste soluta placeat eius consequatur quo doloribus. Voluptatem sed sunt et corrupti. Ad nihil quia qui et rem et.', '1991-03-04 11:12:13'),
(600, 13, 60, 'Eum aut nemo itaque facilis ut maiores. Molestias modi corrupti quae iusto omnis voluptas. Et quis soluta dicta temporibus voluptatem accusamus. Vero debitis odit sequi error labore corrupti.', '1980-01-11 00:02:03'),
(601, 14, 61, 'Quis velit ipsum quae. Laborum error minus eos quia neque temporibus minima quis. Ipsa fugiat aliquam ea sunt velit ullam aut.', '2003-02-26 16:15:33'),
(602, 14, 61, 'Sint porro consequatur quo accusamus ipsa. Facere neque ad incidunt ut culpa. Qui voluptatem dolore iure necessitatibus.', '2016-12-09 13:31:42'),
(603, 13, 61, 'Autem consequuntur velit qui occaecati. Corrupti ut aliquid modi ex commodi amet. Culpa repellat voluptatem eius exercitationem. Aut ipsum vitae ipsam aut provident recusandae quae.', '2008-05-13 13:18:57'),
(604, 5, 61, 'Nemo harum quidem nostrum quae ea dolores qui. Sed sequi provident ea iure nemo enim omnis. Quia eos ut reiciendis voluptate. Veniam neque veniam sed sed non ea sunt.', '1983-07-03 19:33:48'),
(605, 7, 61, 'Ea quo sed nobis aliquam. Consequatur aliquid qui iure repellat quo. Molestiae non earum sunt quod qui provident deserunt. Quo et temporibus accusantium repudiandae labore alias quia.', '1977-01-27 20:58:17'),
(606, 12, 61, 'Eum dolorem sed similique. Quos sunt eius sequi hic. Quod saepe sapiente accusamus sapiente. Eaque perferendis repellendus molestias est. Modi ipsum ex explicabo aperiam voluptatem.', '1975-02-10 06:50:45'),
(607, 4, 61, 'Qui provident laborum quo non. Deserunt molestiae necessitatibus quod et saepe. Cumque perspiciatis dicta incidunt enim.', '1985-05-22 16:43:43'),
(608, 12, 61, 'Qui pariatur officiis voluptatibus beatae ut quia. Dolorem commodi quia ut quibusdam laudantium consequatur. Soluta facere non quas velit.', '2016-05-09 23:51:23'),
(609, 13, 61, 'Laboriosam inventore at ut. Dolorem quae qui voluptatibus consequatur.', '2019-03-22 13:48:04'),
(610, 13, 61, 'Nihil sapiente dolorem non eaque aliquam. Et labore id at delectus consequatur perspiciatis. Sed est temporibus rerum est sint nobis. Sequi ut voluptates quo sed.', '2018-05-15 11:51:17'),
(611, 6, 62, 'Et et omnis mollitia quia eaque non ut. Ipsa quo iste est ea. Ducimus dolores deleniti aperiam tempore qui qui.', '2017-08-30 18:18:37'),
(612, 2, 62, 'Reprehenderit ut omnis ut numquam accusamus. Sed maiores harum praesentium recusandae fugiat porro. Sequi ut repellendus eveniet qui unde et provident. Qui voluptas officia deleniti qui quia quia.', '1993-11-21 23:37:37'),
(613, 2, 62, 'Amet et iusto repudiandae voluptas. Placeat officia cumque quia non. Ut praesentium sunt illum voluptatum soluta. Ea alias repudiandae aperiam sit et.', '1995-01-16 18:25:05'),
(614, 4, 62, 'Animi in ut voluptate molestiae libero provident quis. Quis sint tenetur vero dolore. Quam eligendi id repellat veritatis. Qui commodi quis ut dolorem maxime voluptas tempora.', '2008-05-06 03:23:41'),
(615, 9, 62, 'Quibusdam et aliquid et minus dignissimos voluptas. Blanditiis et tempore in quis id. Dolorem sit quaerat adipisci qui dolorem minima.', '2007-12-23 13:56:08'),
(616, 14, 62, 'Aut voluptatem et ut molestiae. Ut ab distinctio magnam. Repudiandae non qui et hic.', '1997-11-13 01:52:35'),
(617, 11, 62, 'Suscipit consequatur consequuntur eaque magnam. Perferendis quasi occaecati voluptate odio fugit omnis voluptatem. Dolore itaque aut sed et quo. Porro aut dolor quis aperiam cum facere.', '1997-12-03 10:03:43'),
(618, 5, 62, 'Nulla ut autem qui. Ullam dolor ratione optio impedit ea nesciunt. Ea porro ratione voluptas fugiat fuga. Omnis minima consequatur delectus libero praesentium omnis saepe.', '1987-12-22 08:17:16'),
(619, 5, 62, 'Eum illo nihil laudantium qui et dignissimos. Fuga nobis ad et totam. Voluptates magni inventore eum eligendi.', '1973-03-01 06:35:16'),
(620, 3, 62, 'Qui ut animi assumenda quasi. Placeat sequi deleniti molestias odit fugit. Veniam omnis odit odio animi suscipit fuga.', '1992-12-01 00:18:26'),
(621, 7, 63, 'Laudantium quisquam praesentium suscipit vel. Aut qui assumenda porro ab est voluptate fuga corporis. Odio sunt est a sit. Fugiat nobis vero dicta corporis tempora.', '2004-02-10 10:02:38'),
(622, 10, 63, 'Dicta dolor ex aliquid dolores eos dolorum tenetur. Ab quia nobis exercitationem odit. Odio necessitatibus ut a et dolor.', '1986-12-26 08:38:25'),
(623, 13, 63, 'Veniam quis tempora voluptas et eligendi voluptas esse. Et molestiae facere neque. Necessitatibus laboriosam aut dicta eaque voluptatum non. Id facilis dolores qui enim qui.', '2001-03-20 17:28:34'),
(624, 3, 63, 'Rerum exercitationem occaecati et facilis accusantium ratione. Dolor sint voluptas debitis quis nostrum. Aut voluptas dolorem molestias eligendi. Autem aut itaque sit tenetur id quasi.', '2001-03-16 22:27:14'),
(625, 13, 63, 'Tempore est et aut a. Vero quisquam modi dolor cupiditate rerum sapiente. Quas magni quis atque perspiciatis quia iusto. Voluptas ab perspiciatis ut quod illo qui magni.', '1977-03-25 09:03:29'),
(626, 6, 63, 'Quo optio vero quia ut ut ab illum. Ducimus praesentium dolor magnam dolores omnis. Molestias laudantium sunt et et est illo vel non. Consequatur eos similique sunt impedit maiores ut delectus esse.', '2015-11-15 04:56:57'),
(627, 12, 63, 'Vel nulla excepturi vel ab sint nisi rerum. Unde eos quia hic omnis non doloribus in. Debitis corporis hic sapiente dolores.', '1977-12-24 18:06:00'),
(628, 10, 63, 'Expedita illum provident corporis enim maxime assumenda molestiae illo. Et natus cupiditate qui rerum animi quaerat totam. Quisquam sunt voluptas similique natus.', '1985-05-10 21:48:17'),
(629, 7, 63, 'Qui nobis rerum et voluptate voluptatem quisquam repudiandae. Sit officiis beatae sit qui nam beatae harum. Quibusdam unde in minima libero. Esse non veritatis in veritatis ducimus itaque quos.', '2019-12-13 20:27:28'),
(630, 9, 63, 'Ad eum inventore fuga nihil laboriosam id. Eius sed sit eum at recusandae minus. Expedita qui consequatur natus sunt et quia. Id corrupti consequatur ducimus qui et ut facere nobis.', '1973-12-20 08:19:05'),
(631, 14, 64, 'Provident consequuntur repellendus in. Id iste similique autem est velit quis sapiente quo. Velit aliquam molestiae eum. Consequatur quaerat labore fuga perferendis voluptatibus.', '1992-06-29 16:10:43'),
(632, 11, 64, 'Culpa accusamus ratione officia eius exercitationem. Consequatur nihil modi tempore porro voluptatibus. Quibusdam a et vero ut. Veniam quos distinctio labore aut consequatur velit aperiam.', '1980-06-03 01:45:32'),
(633, 14, 64, 'Quaerat amet accusantium accusamus quo quia repellendus et voluptatem. Et ea sit quam ducimus provident iusto quasi. Fuga maxime non debitis eligendi ea.', '1987-02-13 15:11:21'),
(634, 5, 64, 'Laborum ea et autem omnis repudiandae autem. Optio a officiis ducimus ea possimus. Illum voluptates facere maiores deleniti est rerum. Fugiat impedit quaerat voluptatem sed iste aut non.', '1995-01-25 12:31:13'),
(635, 7, 64, 'Et aut dolor temporibus numquam sit. Sequi neque soluta quam natus. Veritatis fugiat dolorum voluptates.', '2015-04-23 19:01:05'),
(636, 11, 64, 'Exercitationem ipsam sequi aliquid et omnis saepe. Vel maiores autem illum distinctio sit. Maiores nihil quia similique eius alias voluptas voluptatem. Autem possimus enim laudantium iusto nihil.', '1973-04-18 04:23:14'),
(637, 10, 64, 'Accusantium voluptas natus et officia mollitia porro. Corporis ullam commodi consequatur velit ea impedit sequi perspiciatis. Ut accusamus dolorem sed necessitatibus aut nulla officiis ea.', '1992-12-02 18:22:37'),
(638, 4, 64, 'Vero quos quas natus tempore consectetur veniam. Pariatur quia magnam reprehenderit et. Molestiae consequuntur culpa quo.', '1981-04-16 16:42:03'),
(639, 4, 64, 'Ad eaque corrupti dolorum. Distinctio ex voluptatem voluptates ipsam consectetur at fugiat. Libero voluptatum itaque harum laboriosam blanditiis.', '1978-06-28 02:43:50'),
(640, 12, 64, 'Voluptatem sunt eaque placeat voluptatem labore est illo delectus. Enim doloremque rem et expedita. Rerum ipsum ad quos animi delectus quia.', '2010-07-09 06:13:37'),
(641, 12, 65, 'Beatae quasi ducimus amet placeat ratione blanditiis. Saepe magni consequatur quia fugit repellendus. Itaque et omnis maxime qui aliquid. Ipsam aliquam quo sunt quas rem minima.', '1983-07-09 08:53:40'),
(642, 10, 65, 'Quae cupiditate mollitia placeat cum nisi iusto ad. Et et et rerum id. Iure et dolores autem consequatur odit vero tenetur. Impedit ut minus distinctio architecto occaecati.', '2010-06-12 17:07:13'),
(643, 13, 65, 'Similique ea culpa voluptatem aut dolores velit amet. Aut voluptatibus id at accusamus mollitia et nesciunt. Tempora minima amet aut repellat natus. Quae saepe dolorem ipsum omnis.', '1996-08-01 15:23:04'),
(644, 12, 65, 'Atque quia eveniet repellendus dolores rerum laudantium dignissimos. Corrupti expedita accusantium sed accusantium quo magnam sed. Fugiat aut eius quia sint molestiae ullam maiores.', '1978-04-27 20:19:23'),
(645, 2, 65, 'Occaecati deserunt numquam eos ut et. Amet aut soluta molestiae porro et quasi. Dolor ducimus accusantium fuga tempore.', '1978-01-26 06:29:33'),
(646, 5, 65, 'Iure optio blanditiis quas non repudiandae velit. Porro dolor incidunt molestias. Dicta itaque modi doloribus ea. Quae quo eum illo.', '1973-12-03 01:35:52'),
(647, 3, 65, 'Consequatur nam vero velit commodi ad quam. Fuga quisquam enim natus officia quae aut voluptas. Quia consequatur non corrupti dignissimos corporis enim sed.', '2004-11-19 01:21:02'),
(648, 12, 65, 'Ea atque expedita exercitationem cupiditate maxime ullam sunt porro. Aut soluta sit quia omnis. Commodi saepe maiores ut est maiores blanditiis et. Sed ut reiciendis recusandae corporis cumque.', '2000-12-18 20:49:34'),
(649, 11, 65, 'Hic dolor ut vel ex ullam corporis. Doloribus minus quam accusantium voluptatum autem quae ipsa. Id saepe quia mollitia sunt.', '1989-09-30 01:13:36'),
(650, 4, 65, 'Repellat ipsum quisquam odit. Repudiandae voluptatem non occaecati iste aut sunt ut. Consectetur sunt tempora et ab deserunt.', '1989-10-21 19:51:58'),
(651, 14, 66, 'Distinctio molestias quae aut vero. Ut non ipsum odio vel ratione incidunt non. Libero laborum rerum ut impedit et nesciunt laudantium qui. Fuga itaque ipsum amet et nam corrupti illo.', '2013-07-29 17:22:09'),
(652, 5, 66, 'Qui nobis sunt asperiores iusto quam velit. Ipsa omnis porro et veniam ea. Qui dolorum adipisci ipsam nulla.', '2017-11-05 11:15:36'),
(653, 5, 66, 'Quis aut id sed ea id. Et et ut consequatur delectus minima odit est. Et odit ut omnis.', '2007-05-23 17:58:30'),
(654, 3, 66, 'Et possimus molestiae similique numquam asperiores quas voluptatibus est. Et quia aliquam ad perspiciatis qui. Saepe sit reiciendis sequi magnam quis vel quia illo.', '1999-05-17 21:09:05'),
(655, 13, 66, 'Assumenda qui unde et quia nisi ea recusandae. Suscipit eum voluptatem enim saepe. Exercitationem cum qui est amet tempora quasi praesentium.', '2014-10-13 14:43:58'),
(656, 4, 66, 'Nulla nulla ea aut occaecati. Nostrum quae maiores id aut. Corporis hic autem architecto.', '2003-07-13 01:20:58'),
(657, 13, 66, 'Expedita eos reiciendis dolorem nesciunt laudantium quod eos. Dolorem dolor voluptas odit.', '2002-09-28 03:08:07'),
(658, 9, 66, 'Ut saepe aut a et. Fuga facilis repudiandae fugit repellendus aut et similique. Qui facere perferendis officia sed molestiae voluptatem consequatur iusto.', '1986-01-26 06:06:14'),
(659, 12, 66, 'Asperiores nesciunt eveniet voluptatem veritatis veniam temporibus perspiciatis enim. Enim sunt velit sed. Dolorem aut ut dolorem recusandae animi tempora et.', '2019-03-05 02:20:41'),
(660, 2, 66, 'Aut animi et odit ut iusto unde ipsa at. Est est ut alias quis asperiores molestiae qui eius.', '2006-05-03 16:08:11'),
(661, 4, 67, 'Nostrum aut sed ipsam possimus. Fuga enim ea aut. Occaecati ea eos eum quis est mollitia. Aut quia iure qui voluptates ad doloribus sed.', '1979-05-20 11:41:48'),
(662, 2, 67, 'Dolores blanditiis et et. Iure corrupti quaerat eaque natus. Quia mollitia nihil vitae sed accusamus aspernatur quidem.', '1986-03-22 05:56:02'),
(663, 9, 67, 'Praesentium illo voluptatem sint quia vero accusamus. Et tempora tempora nostrum et dignissimos et vero blanditiis.', '1997-04-16 09:46:51'),
(664, 4, 67, 'Nemo dolore molestiae accusantium nemo eum. Qui ducimus quia quaerat aut harum pariatur. Vel minima amet numquam voluptatem aut. Dignissimos qui ut ut qui.', '1992-04-21 13:47:24'),
(665, 7, 67, 'Impedit quia qui similique numquam. Nihil qui perspiciatis quam laboriosam eum et maiores. Ab consequuntur eos soluta. Corrupti qui minima in animi.', '1998-08-31 22:44:13'),
(666, 12, 67, 'Ratione consequatur est aut corrupti sapiente. Recusandae et ipsa corporis eum repellat. Voluptas sed ut expedita cumque rem alias.', '1994-04-06 09:46:24'),
(667, 14, 67, 'Dolorem quia error velit. Veritatis omnis eum aut rem. Omnis itaque non non illo facere et natus autem.', '2010-04-02 17:56:10'),
(668, 2, 67, 'Consequuntur ea et inventore nesciunt sequi beatae mollitia. Quisquam quia qui pariatur. Dignissimos officiis cupiditate consequatur veritatis sunt quos quisquam.', '1973-04-15 11:01:37'),
(669, 4, 67, 'Error dolor labore officia ab totam consectetur sed. Nihil omnis earum voluptatibus nulla. Et quo officia accusamus ut sint placeat saepe. Eligendi possimus id sequi sapiente odit quaerat sit.', '2013-09-21 18:59:05'),
(670, 13, 67, 'Animi ullam pariatur quia quia. Quia amet deserunt nesciunt error. Inventore laudantium cupiditate non fugit voluptates modi pariatur.', '1999-08-22 14:25:05'),
(671, 3, 68, 'Optio vel qui et commodi aut. Et qui enim reprehenderit autem. Cupiditate nisi nisi debitis aut.', '2006-11-04 20:21:17'),
(672, 6, 68, 'Harum rerum deserunt voluptatem sunt doloribus. Suscipit iusto harum quisquam fugiat dolorem et cupiditate eum. Ut quis animi rem quas.', '1986-09-27 20:16:53'),
(673, 4, 68, 'Qui possimus ut non sequi iste suscipit adipisci. Est corporis necessitatibus et deleniti quasi.', '2011-05-07 01:29:00'),
(674, 10, 68, 'Dolor et non ipsum aspernatur porro doloremque ducimus. Natus et alias eius velit vel. Voluptatibus molestias corporis facere rerum et. Quisquam delectus qui consequatur occaecati ut.', '2006-04-06 00:20:22'),
(675, 2, 68, 'Cumque aut corrupti possimus expedita. Consequatur sit est eligendi dolorum voluptatum quod consequatur accusamus. Et nisi dolores quae possimus nulla modi iure. Enim sit sit laborum iure tempore.', '2011-06-03 16:32:06'),
(676, 8, 68, 'Ex saepe sapiente aut magnam iure recusandae nihil. Nemo similique accusamus est facere odio. Provident rerum temporibus enim exercitationem maxime quos. Quasi eius vel dolorem deserunt et.', '1982-10-13 02:59:49'),
(677, 3, 68, 'Occaecati ut deserunt sunt tenetur totam itaque. Alias dolores amet laudantium illo et eius maiores. Qui beatae delectus in veniam. Et illum quibusdam id dolores voluptatem eligendi.', '1981-05-03 11:27:05'),
(678, 6, 68, 'Temporibus ipsam maxime enim. Sint ab unde maxime est. Ea debitis quasi officiis temporibus ab nemo. Sint debitis et maxime.', '2019-02-07 14:09:26'),
(679, 10, 68, 'Fuga id odit eius aliquid illum ab. Occaecati corrupti adipisci eum deleniti velit placeat. Eligendi iure autem a sit illum.', '2016-02-09 11:09:32'),
(680, 14, 68, 'Ducimus porro enim perspiciatis architecto voluptas corporis suscipit minus. Veniam et rerum quos deserunt. Quas minima dignissimos officia consequatur. Non ut amet libero tempore esse.', '2009-12-12 18:38:40'),
(681, 2, 69, 'Omnis nisi sunt nesciunt. Est exercitationem dolorem quibusdam magnam velit. Facere pariatur reprehenderit ut minus quae.', '1991-02-08 13:20:46'),
(682, 13, 69, 'Ut minus autem ullam dolor blanditiis ullam quos. Id et explicabo non. Suscipit ipsum qui odio dolorem necessitatibus. Error ut quis inventore incidunt et adipisci.', '2001-05-29 05:59:14'),
(683, 8, 69, 'Eos eum omnis rerum. Fugiat incidunt magnam est est repudiandae atque dolorem. Ratione velit beatae facilis consequatur odit laboriosam at et.', '2008-08-24 04:04:33'),
(684, 12, 69, 'Excepturi dicta voluptatem minima qui quas architecto consectetur sint. Officia nobis ea error reprehenderit enim dolores architecto esse. Culpa sequi aut tempore quia sunt.', '2014-06-23 17:37:47'),
(685, 6, 69, 'Rerum qui eos quasi quia similique. Laborum autem voluptatem et optio. Officiis et labore minima rerum officia iste.', '2003-12-25 01:55:17'),
(686, 3, 69, 'Voluptatem consequuntur eius ratione impedit ducimus pariatur. Voluptatem repellat voluptas esse tempora suscipit porro. Debitis consequatur sint deserunt non.', '1997-07-29 07:20:22'),
(687, 9, 69, 'Accusamus illum in id voluptatibus cum. Ullam impedit a rerum aut hic omnis laudantium. Dolor id enim pariatur est a aut sequi. Natus et voluptatem veritatis et tempora.', '1999-11-22 23:48:32'),
(688, 3, 69, 'Beatae in et esse sed. Exercitationem et minus atque aut. At velit est sit ipsum dolorem. Est veritatis consectetur qui deserunt doloremque consequatur.', '2016-03-06 07:35:08'),
(689, 11, 69, 'Placeat dolorem dolorem dignissimos sequi optio eos nihil praesentium. Molestias ex sint aperiam accusantium rem vitae.', '1997-10-05 09:09:35'),
(690, 9, 69, 'Odio cupiditate ut cumque tenetur. Eveniet similique est ipsa rerum inventore. Ea quo labore provident. Unde qui harum voluptas et autem id.', '1982-03-10 13:41:50'),
(691, 12, 70, 'Consequatur nihil vel aut. Omnis in soluta et repellat. Deleniti sed quia rerum saepe. Voluptate qui voluptatibus quidem ducimus molestias.', '1970-02-10 09:14:31'),
(692, 3, 70, 'Ad nulla odit voluptatem dolorem. Soluta iusto nostrum ut minima sed corporis quos.', '2020-04-10 14:04:45'),
(693, 10, 70, 'Veritatis nam iure blanditiis error ut. Quos voluptas perferendis sit. Ad et ipsam id provident non. Delectus occaecati quasi quo vitae provident eum dicta ipsa.', '1981-02-21 08:20:26'),
(694, 4, 70, 'Autem qui itaque nostrum sed consequuntur ullam. Accusamus odit omnis ab aut ea voluptatem et. Ipsa animi possimus similique eos quidem est.', '2013-12-30 20:52:32'),
(695, 3, 70, 'Ut doloremque beatae libero consequatur est sed. Incidunt id reiciendis corrupti molestias. Autem placeat maiores inventore est. Sed id quod voluptatem vitae non. Voluptatum ut esse velit odio.', '1987-02-09 00:45:06'),
(696, 3, 70, 'Quia dicta numquam corrupti sint repudiandae. Necessitatibus natus perferendis laudantium ullam hic odio. Ea ad iure placeat voluptates. Eum in cum ut quam.', '2011-08-25 02:31:08'),
(697, 6, 70, 'Vitae aspernatur error mollitia omnis tempore aut voluptatibus. Vero accusamus ut sint neque quam omnis natus veritatis. Nemo quae distinctio recusandae quas vel sed. Aut officia sed possimus culpa.', '1988-05-03 05:14:04'),
(698, 4, 70, 'Ut dolores iste id eum tempora sint et qui. Magnam totam quam ex dolorem cupiditate nemo. Vitae consequuntur quis voluptatem iste qui dolorem dolore.', '1979-05-21 12:59:19'),
(699, 12, 70, 'Voluptatem molestias dolores a harum nesciunt incidunt. Itaque et sunt asperiores dolorum. Quas alias earum expedita nisi ullam quia aut. Unde illum mollitia dolor doloremque deleniti aliquam nemo.', '1975-03-17 22:09:03'),
(700, 6, 70, 'Cum iusto aut voluptatem et ut. Corrupti necessitatibus voluptate reprehenderit. Eaque in qui quae.', '1985-11-21 12:26:45'),
(701, 8, 71, 'Sit et quo minima eos consectetur neque. Temporibus repudiandae quam qui cum vel sapiente. Quia laborum at quam possimus corporis. Id nisi cum qui possimus amet occaecati saepe molestiae.', '1970-08-03 06:41:41'),
(702, 12, 71, 'Facilis eius est quibusdam voluptatibus. Voluptate id voluptates mollitia ut iste quidem nobis. Perspiciatis sequi sit libero.', '1988-10-20 18:48:26'),
(703, 2, 71, 'Explicabo quibusdam nobis laboriosam ab quod commodi. Accusamus a ipsa quas velit eaque voluptatem maxime.', '1971-05-09 10:53:20'),
(704, 14, 71, 'Eius facilis ea aliquid libero exercitationem. Quo sed tempora quos tenetur. Qui saepe ut corrupti nesciunt et impedit esse. Dolorum dicta saepe qui atque optio deserunt a laborum.', '1983-06-01 15:44:39'),
(705, 14, 71, 'Labore ut eaque laborum quae quas. Delectus quia expedita et nam. Qui dignissimos sint accusamus quaerat. Omnis sit totam aut praesentium reiciendis quidem expedita aliquam.', '2006-08-24 21:43:51'),
(706, 12, 71, 'Sed perferendis perferendis sed laudantium. Qui ut sint iste corporis voluptatem commodi. Nesciunt assumenda voluptatem nisi. Error est nisi repudiandae voluptates nisi voluptatem voluptates.', '2000-01-27 17:49:58'),
(707, 14, 71, 'Est est aut natus aut numquam et corrupti. Et dolores eos neque.', '1973-12-14 06:33:20'),
(708, 9, 71, 'Nihil libero in voluptatem. Facere aperiam debitis eum officiis facilis facilis.', '2013-01-28 10:31:43'),
(709, 3, 71, 'Id possimus qui perspiciatis tempore non. Rem eveniet earum molestiae repellat. Pariatur totam et qui non sequi excepturi. Minus repellendus velit consequatur quidem non earum qui velit.', '1996-11-06 13:08:26'),
(710, 5, 71, 'Iusto totam sunt consequatur saepe nisi aut doloribus. In deleniti harum molestias delectus. Praesentium minima nesciunt quia quod nemo.', '1973-10-25 20:12:12'),
(711, 3, 72, 'Expedita perferendis dolores in et sunt eaque. Distinctio iste nulla est. Asperiores perspiciatis dolore repudiandae. Quos blanditiis odio autem.', '1973-03-28 18:14:07'),
(712, 13, 72, 'Et illo molestias perferendis eos id saepe. Eum nesciunt repellat alias nemo maiores natus quibusdam. Repudiandae aut enim nam quod ab quis quia.', '1972-09-26 12:11:11'),
(713, 3, 72, 'Et sunt alias blanditiis nihil voluptatem iusto pariatur maiores. Vitae accusantium vero quibusdam. Esse corrupti vel amet sit quibusdam harum. Perspiciatis eos modi ipsa est voluptate quia sed.', '1988-03-21 23:22:02'),
(714, 12, 72, 'Magni beatae veniam qui quo in odit sit. Nihil inventore aut est non eaque animi. Aut quia vel aliquid et quasi repellat.', '2007-01-24 15:57:52'),
(715, 4, 72, 'Ut blanditiis pariatur perspiciatis repellat aut. Qui est voluptates aspernatur magni. Nihil nobis provident soluta quaerat ut vitae.', '2015-04-29 07:27:37'),
(716, 5, 72, 'Cumque laudantium tempora dolores. Totam officia necessitatibus voluptatem sequi recusandae. Necessitatibus sed voluptatem iusto consequatur est assumenda voluptate. Explicabo laboriosam enim et rem.', '2014-06-14 12:37:55'),
(717, 10, 72, 'Suscipit quas veritatis quibusdam labore eligendi. Ea incidunt qui odio architecto qui. Eum aut molestias repellat numquam quia id veritatis ipsam. Dolorem ut provident mollitia minus.', '1972-04-02 20:12:14'),
(718, 13, 72, 'In ut non reiciendis tempora. Est sunt aut quo blanditiis magnam molestiae quo ut. Soluta quia nemo eveniet qui ut enim odio.', '2002-04-16 09:29:50'),
(719, 8, 72, 'Nesciunt sequi corporis quod praesentium cupiditate vero. Doloribus consequuntur voluptas repellendus reiciendis voluptates sit. Illo in unde esse repellat voluptas est ut.', '2016-08-19 00:18:23'),
(720, 8, 72, 'Eum voluptatem quo nobis aut molestias quae facilis. In hic vel sint tempore quas officia maiores. Eius sint alias et exercitationem asperiores. Accusantium odit iure consequatur dolorum magnam.', '2008-06-23 12:40:39'),
(721, 5, 73, 'Fuga molestiae est inventore ipsa cupiditate. Autem eveniet et impedit aut. Quasi voluptates consequatur molestias consequatur minima. Laboriosam enim beatae temporibus eius sed hic quod.', '2006-06-02 23:13:15'),
(722, 10, 73, 'Sit molestiae vel error veritatis ducimus est modi. Distinctio nulla est ut voluptas et. Aut delectus dolor facilis dolorem voluptatibus autem optio. Ipsam beatae dolorum placeat nulla.', '1993-12-13 01:02:51'),
(723, 10, 73, 'Voluptatem inventore voluptas saepe est. Aut similique facilis blanditiis nesciunt. Consequuntur aliquam ut odit.', '2001-06-26 08:52:06'),
(724, 2, 73, 'Illo fugiat dolor et vero illum. At doloremque et eos sit. Quas voluptatem vero praesentium dolorum sunt qui. Est alias et explicabo quisquam fugit.', '1992-10-20 19:44:14'),
(725, 7, 73, 'Voluptatibus doloremque ut eaque quasi. Et voluptatem veritatis reprehenderit qui dolor. Doloribus commodi magnam qui est quis.', '1972-07-14 04:11:19'),
(726, 8, 73, 'Fuga consequatur odit sed. Magnam non consequatur aperiam atque molestiae. Aliquid iusto harum atque facere soluta.', '1994-07-29 12:38:35'),
(727, 14, 73, 'Omnis nihil amet sequi architecto voluptatem. Eaque ut itaque sunt. Magnam sapiente debitis reprehenderit sit saepe repellendus. Debitis ab aut dolor.', '1989-10-11 04:48:30'),
(728, 12, 73, 'Dolorum repellendus odit voluptatem dolores et laborum. Pariatur qui voluptate fugiat. Fugiat non praesentium ullam quaerat adipisci alias. Modi molestiae velit consequuntur voluptas fugit non.', '2000-07-27 06:20:23'),
(729, 7, 73, 'Mollitia consequatur quia qui omnis ab veritatis voluptate asperiores. Est esse non laborum id ipsa et consectetur. Nihil quo sit magni enim eos culpa totam. Magnam sit explicabo dolores velit.', '2011-05-29 01:08:31'),
(730, 14, 73, 'Impedit pariatur quidem vel odio. Saepe cupiditate non dolore eum sint. Numquam eos et molestiae eaque at.', '1999-12-09 05:30:31'),
(731, 5, 74, 'A rerum placeat aperiam aut quia. Veniam voluptatem ut deserunt quia molestiae. Itaque facere voluptates dolor fugiat ipsam excepturi. Ut odit quia exercitationem rerum soluta.', '2013-06-14 22:11:02'),
(732, 4, 74, 'Enim enim est dolores et voluptate. Iusto repellendus soluta fuga veniam commodi numquam. Natus est consequatur eum error sequi atque.', '2015-09-08 02:10:41'),
(733, 4, 74, 'Sit molestias voluptatem ab eum. Aliquam beatae quos velit ea. Et quis molestiae dicta eos.', '2012-03-24 10:19:57'),
(734, 12, 74, 'Repellat rerum consectetur saepe hic velit autem ut. Omnis corrupti sint odio facilis. Placeat et unde ipsa qui est. Voluptas dolorem ut aut ut esse voluptatem.', '2013-08-04 06:54:55'),
(735, 3, 74, 'Libero architecto dolor odio tempore hic ipsam enim. Architecto eius hic quasi velit saepe non. Nemo maxime iusto assumenda aliquam consequuntur consequatur.', '2017-02-25 04:54:48'),
(736, 3, 74, 'Similique et est quaerat officiis. Enim similique eveniet suscipit temporibus et dolorum quia.', '1990-02-25 08:25:18'),
(737, 13, 74, 'Exercitationem voluptatem sed nemo voluptas suscipit molestiae laborum. Odio repellat error qui iste deserunt officia. Et doloribus tempora rerum et quos et.', '2009-06-29 06:25:00'),
(738, 14, 74, 'Magnam fugit rerum suscipit rem qui. Eos voluptas dolores laborum quo quas neque laudantium. Odio magni aperiam cupiditate necessitatibus dolorem. Similique et est deserunt. Iste nisi minima et et.', '2011-04-10 22:25:55'),
(739, 8, 74, 'Unde voluptate aliquam tenetur asperiores amet. Dolores ea enim velit eius. Atque accusantium assumenda similique earum doloribus et quis.', '1998-07-02 07:13:27'),
(740, 13, 74, 'Quis velit praesentium autem sit animi. Est et vel pariatur quia. Accusantium maxime hic facilis quae. Sit provident assumenda praesentium est nihil.', '1992-06-26 22:36:20'),
(741, 8, 75, 'Quisquam voluptatem aspernatur quia fugiat modi dolore omnis adipisci. Id itaque laboriosam quis facilis. Et id quia ut.', '1980-02-01 11:59:33'),
(742, 10, 75, 'Ab dolorum sint aliquid eum. Animi doloremque natus blanditiis molestiae. Sint quam expedita numquam eum sit quo. Deleniti rem ad tenetur nam consectetur adipisci est.', '2015-01-10 17:49:00'),
(743, 11, 75, 'Facere nihil dolor dignissimos sit fuga. Quia inventore reiciendis voluptate fugit molestiae aperiam. Consequatur laboriosam vel ut atque qui sed dolor. Deleniti debitis omnis nam ut cum assumenda.', '1988-07-28 01:23:45'),
(744, 10, 75, 'Unde iure eum sed deleniti et alias molestias. Rem accusantium eum minus. Ducimus reprehenderit molestias qui. Cumque vel veniam aliquid neque magni tenetur.', '2002-05-07 10:47:49'),
(745, 7, 75, 'Quia voluptas aut est earum et architecto. Eius est quaerat et placeat. Quia saepe consequatur beatae.', '1970-02-08 11:13:40'),
(746, 6, 75, 'Autem est est et perspiciatis occaecati aut architecto. Nihil porro vel excepturi aliquid inventore sunt non ipsam. Odit et ut doloremque sit nemo quam ab.', '2009-10-18 07:39:35'),
(747, 4, 75, 'Autem aut sed molestiae ut. Velit et et qui a. Culpa aut sunt modi nesciunt.', '1998-08-03 02:18:37'),
(748, 6, 75, 'Tempora reiciendis nobis possimus. Aliquid magni unde rerum et nam mollitia atque. Ut saepe beatae voluptas vel perspiciatis expedita nostrum. Excepturi aliquam minima et fuga rem.', '2007-08-26 17:01:14'),
(749, 4, 75, 'Ullam quam exercitationem harum rem hic qui officia. Sunt in omnis cupiditate sit sunt. Odit modi molestiae rerum est architecto dolorum.', '1977-07-26 17:28:39'),
(750, 3, 75, 'Nesciunt modi qui distinctio corporis dolores. Dignissimos adipisci aspernatur ex illum. Odio tenetur perspiciatis esse itaque eos dolorum voluptatem ut.', '2009-09-06 18:44:39'),
(751, 10, 76, 'Quis aliquid et ipsa quisquam eos et quia. Magnam voluptate ratione maxime enim ducimus. Sint odio magnam qui corrupti temporibus qui eius saepe.', '1995-03-12 06:47:04'),
(752, 4, 76, 'Ea voluptatem facilis non omnis nobis quibusdam. Cupiditate ea rerum qui qui atque nemo deleniti. Deserunt quisquam et qui omnis.', '2016-10-26 10:34:18'),
(753, 2, 76, 'Eveniet eos unde aut suscipit sit ratione. Est non deserunt qui nam assumenda est quidem. Possimus impedit dicta nulla assumenda omnis ratione.', '2014-08-11 07:44:38'),
(754, 3, 76, 'Eum error expedita est quam eveniet dolores magni omnis. Minus iste aut blanditiis voluptatem consequatur pariatur. Qui ducimus eaque sed et.', '1991-02-19 12:51:11'),
(755, 14, 76, 'Aut tempore enim optio id. Ut saepe nam veritatis labore. Atque facilis architecto animi doloremque nisi aperiam. Assumenda ut amet qui cumque.', '1997-02-12 17:54:17'),
(756, 9, 76, 'Et sed nulla et. Dolor quae totam esse est magni delectus quisquam. Consequatur placeat eveniet aut ex vitae et quia quidem. Iure animi quia voluptatem aut iste nulla hic.', '1985-03-30 21:34:50'),
(757, 12, 76, 'Aperiam sint earum eum amet. Possimus voluptas ab maxime qui laboriosam eum. Et fugit expedita tempore nostrum laboriosam ducimus error.', '2006-10-20 05:19:19'),
(758, 4, 76, 'Nemo debitis nam corrupti similique est tempora. Quibusdam eum rem nobis at quisquam neque. Velit dolor quibusdam error ut iusto dolore quod.', '2016-04-21 23:11:34'),
(759, 10, 76, 'Nulla aut esse et tempore dolores consectetur. Sequi porro perspiciatis facilis ea nostrum consequuntur quisquam. Dolor vero qui aut corrupti.', '2007-01-14 00:55:10'),
(760, 12, 76, 'Sed sed eveniet aperiam earum sit autem aut quis. Fugit ab pariatur qui vero fugiat. Nihil ut quaerat asperiores culpa. Alias nihil voluptatibus laudantium rem.', '1985-01-02 11:18:28'),
(761, 5, 77, 'Aut est optio fugiat sit distinctio aut dolor. Expedita hic eum voluptatem qui. Sit esse dolores tempora nam veritatis pariatur.', '1977-06-30 12:27:39'),
(762, 4, 77, 'Id amet nam excepturi tempore sed ut. Ducimus quia ipsum nesciunt accusantium quam quos consequatur.', '1992-02-23 21:27:37'),
(763, 11, 77, 'Est commodi ut ut velit debitis perferendis. Quas dolorem consequuntur autem quod et harum quis. Nobis quas quidem fugiat possimus a et reprehenderit. Cumque consequatur perspiciatis vel reiciendis.', '2002-08-27 06:36:21'),
(764, 14, 77, 'Quis laudantium temporibus vitae ullam repellendus. Harum veritatis ut error voluptatem aut facere commodi. Beatae excepturi aliquam eos sed expedita qui et.', '2010-01-19 13:23:49'),
(765, 7, 77, 'Qui eum dolorem rerum officia. Possimus dolorem qui ad quo. Mollitia deleniti atque ipsum quia molestiae molestias perferendis. Blanditiis ducimus sed est aut reprehenderit nihil eos.', '2019-04-24 19:21:47'),
(766, 8, 77, 'Doloremque ex quam officia est vero. Harum corporis consequatur facere quis rerum nemo. Doloremque consequuntur omnis iure id labore. Id praesentium dolor recusandae sed consectetur porro atque.', '2001-02-02 11:28:56'),
(767, 2, 77, 'Recusandae consequatur necessitatibus impedit impedit. Facilis a iure et quos exercitationem eos. Omnis est praesentium sint. Qui reprehenderit hic quasi voluptas.', '2015-05-24 20:08:10'),
(768, 9, 77, 'Voluptatem perspiciatis sed veniam inventore sunt. Ut commodi commodi eum. Deleniti ducimus voluptatem voluptas quia adipisci autem laboriosam.', '1990-08-14 12:02:33'),
(769, 14, 77, 'Quisquam iure sunt quis laboriosam soluta. Porro omnis in corporis quis mollitia amet. Eum consequatur ut eveniet sapiente doloribus voluptatibus.', '2007-03-09 07:12:56'),
(770, 3, 77, 'Magnam explicabo itaque exercitationem a voluptatem rerum. Neque dolore modi aut et voluptas reiciendis.', '2005-05-29 02:13:21'),
(771, 3, 78, 'Ad eius odio dolor dolore sunt. Voluptatem dolores eveniet beatae et. Inventore sint non maiores assumenda numquam.', '1993-11-29 03:34:33'),
(772, 12, 78, 'Non debitis deleniti non sit. Qui iusto maxime ex sed consequatur. Inventore et doloremque ut occaecati qui qui laudantium aut. Placeat non deserunt et sed id aperiam.', '2014-10-02 11:29:16'),
(773, 14, 78, 'Sed perspiciatis fugiat molestiae voluptates sunt et. Laboriosam et voluptatum id sed praesentium. Eaque eum officiis quisquam qui temporibus asperiores.', '2000-07-03 08:19:16'),
(774, 10, 78, 'Eos ducimus recusandae quibusdam dolore necessitatibus. Fugit voluptatem voluptas sint neque dolore in. Iure tenetur dolor temporibus velit minima consectetur.', '1974-02-16 10:44:44'),
(775, 14, 78, 'Laboriosam illo nemo aut nam dolores. In ducimus voluptas placeat reiciendis qui dolorem. Ea ullam dolorum ut.', '2006-06-28 09:46:55'),
(776, 3, 78, 'Vero ut vitae quidem officia eveniet voluptates sed. Fuga ut illum natus ut provident voluptatibus tempore. Atque in unde enim eaque qui. Nulla eveniet unde consectetur blanditiis nisi.', '1993-08-24 21:37:28'),
(777, 9, 78, 'Ab consequatur consequuntur aut. Tempore eligendi aperiam odio quia tempore sit provident. Dolorem beatae qui perspiciatis velit quaerat eum saepe.', '1997-08-09 20:53:21'),
(778, 7, 78, 'Voluptatem numquam repellendus omnis ut occaecati. Non quod et illo. Rerum occaecati et occaecati iusto molestiae. Atque accusamus explicabo odit doloribus.', '1971-02-16 23:36:34'),
(779, 12, 78, 'Voluptatibus quas a autem odit iusto. Et voluptatibus vel reprehenderit molestiae illum temporibus et. Labore et et reprehenderit eveniet distinctio.', '1979-12-07 01:13:00'),
(780, 13, 78, 'Velit voluptate ut aliquid ut. Pariatur at et ut voluptatibus doloremque. Qui architecto aspernatur hic dolor. Eius enim nobis deserunt earum.', '1992-07-11 04:41:54'),
(781, 7, 79, 'Soluta qui suscipit voluptatibus et autem minima eligendi et. Aut sed et eaque accusamus. Et doloribus nesciunt ipsam.', '2018-08-25 20:31:12'),
(782, 4, 79, 'Et ad aut culpa exercitationem eum repudiandae rem. Corrupti laudantium cupiditate molestiae architecto optio non quia. Enim officia nihil ab architecto.', '1986-02-07 12:56:38'),
(783, 14, 79, 'Consequatur adipisci aut asperiores voluptatem ea. Deleniti et dolorem inventore culpa sint. Molestias eligendi iste recusandae id eum. A et eius illo rerum eaque.', '1993-04-11 00:10:01'),
(784, 8, 79, 'Quaerat et qui nesciunt adipisci et ut eum. Aliquid non qui quam magnam in magnam provident. Deserunt consequatur perspiciatis molestiae est nulla recusandae ut.', '1971-04-13 16:44:15'),
(785, 8, 79, 'Minima ex nisi consectetur maiores optio. Ratione ducimus tempora quas consectetur quam illo. Corrupti iusto totam aut alias.', '1976-09-14 12:59:53'),
(786, 12, 79, 'Minus non qui cum sit autem ad. Ab nobis ipsa totam sit. Similique molestiae repudiandae non. Qui ipsa aperiam consequatur quibusdam.', '1987-01-05 14:59:26'),
(787, 14, 79, 'Quia doloribus totam fugit omnis. Neque velit quis nihil nobis sint placeat consequatur. Enim sed occaecati dolorem sed quo pariatur. Explicabo eaque repellat repudiandae harum doloremque.', '1998-04-24 14:42:41'),
(788, 8, 79, 'Enim repellat aut odit illo iure et. Ducimus aliquid rem sequi accusantium nostrum qui velit. Consectetur excepturi provident odit. Voluptates adipisci consequatur enim et facere cupiditate illum.', '1985-11-12 01:32:02'),
(789, 4, 79, 'Unde esse corporis laborum necessitatibus. Sed et dolores consequuntur ut quo reiciendis cum. Et quis natus error libero debitis quia.', '1974-09-01 16:24:14'),
(790, 7, 79, 'Dolores commodi sunt nihil qui. Rerum earum sed et. Eius at nisi nisi quam. Tenetur iste aspernatur sed nisi rerum.', '2018-10-07 22:13:51'),
(791, 14, 80, 'Est ut et commodi atque eligendi beatae illum. Occaecati deserunt cum voluptatem facere ut alias eos. Ut vel sequi suscipit amet. Vel excepturi velit eaque qui labore est voluptatem.', '1976-02-06 06:45:14'),
(792, 11, 80, 'Eveniet quia voluptatum ipsum ipsum dolorem repellat. Eveniet fugiat quia enim qui. Excepturi non expedita repellendus. Non sed quisquam ad. Aut necessitatibus ut impedit ea.', '1991-12-24 10:54:47'),
(793, 10, 80, 'At sint perferendis sit asperiores. Aut reprehenderit aut molestiae. Et consequatur quia doloribus. Voluptatem tempore dolorem sit non sed.', '1987-11-22 16:36:57'),
(794, 6, 80, 'Ea voluptatem aut dolorem quibusdam iusto ut ut. Porro quisquam adipisci soluta quisquam aut molestias. Porro eligendi rerum voluptas natus dolor fugiat voluptatem. Natus velit quo qui error ea at.', '1975-10-09 05:16:36'),
(795, 11, 80, 'Enim blanditiis praesentium optio eos quis. Provident est quis facere commodi culpa est rerum. Inventore nesciunt doloribus minima ipsa cupiditate aut.', '1986-09-25 22:41:09'),
(796, 3, 80, 'Dicta dicta blanditiis et quo sunt id. Porro ut a alias voluptas. In ut et rem ab. Cumque dicta doloremque dolorem sed consectetur. Qui quia nisi nam non illum et eum.', '2010-10-03 12:45:39'),
(797, 10, 80, 'Ea cumque dolorem deserunt et in. Impedit consequuntur blanditiis qui ea non voluptatem nisi. Asperiores eligendi ratione et. Aut qui quia deserunt cumque vero quia sunt. Labore illo quos distinctio.', '1975-06-15 06:47:38'),
(798, 3, 80, 'Enim omnis accusamus provident minima ea. Explicabo ut nihil id. Earum consequatur magnam animi fugit ad.', '2013-06-04 17:20:36'),
(799, 6, 80, 'Velit placeat et officia molestiae nam. Libero ut dignissimos minus corporis quas et consequuntur expedita. Quo blanditiis nesciunt ex et corrupti corrupti non. A autem dolorem quo et.', '2006-06-28 19:01:35'),
(800, 12, 80, 'Recusandae quidem dolorem mollitia. Repudiandae similique repudiandae expedita eaque. Aspernatur quibusdam ratione illum nisi. Sed officiis quia dicta non facere quasi voluptas ducimus.', '1980-01-23 08:37:14'),
(801, 14, 81, 'Exercitationem nisi fugit et recusandae autem quia. Qui qui a iste iste est. Nesciunt atque error ea exercitationem voluptatibus. Labore ut ea nihil pariatur dolorem et et.', '1970-01-01 18:59:47'),
(802, 13, 81, 'Dolore ullam voluptatem itaque velit aut voluptates aliquam magni. Optio culpa impedit vero vitae nihil sed quibusdam. Dicta aut nulla debitis.', '1997-01-12 12:50:44'),
(803, 2, 81, 'Vitae praesentium ut veniam sapiente amet quod est sit. Eligendi at accusantium voluptate ab perspiciatis ut. Eum qui aperiam ut. Delectus et consequatur qui dolor odio consequatur sit sed.', '2000-10-18 09:29:57');
INSERT INTO `post` (`id`, `author`, `topic`, `content`, `date`) VALUES
(804, 12, 81, 'Dolor repudiandae ea quas doloremque voluptate et molestias. Ratione soluta laudantium consequuntur qui. Consectetur quia quo et suscipit.', '1992-08-07 02:54:09'),
(805, 8, 81, 'Fuga quas reiciendis sint voluptas dolores dolor. Qui esse dolorem odit voluptatem minus nulla. In et dicta corporis porro id nihil non.', '2011-06-01 09:19:16'),
(806, 6, 81, 'Nobis sequi ullam in est ea est delectus. Quia voluptate repellat et consequatur quo dolores quis. Quibusdam sed rerum possimus omnis. Rerum deleniti voluptatum laudantium a delectus sit vero.', '2015-10-20 09:08:09'),
(807, 3, 81, 'Qui quia voluptatem minus neque. Eligendi aperiam sunt eius repudiandae exercitationem. Et provident minus et ad est omnis quia. Similique aut totam expedita voluptas minus qui porro.', '1987-08-23 22:30:44'),
(808, 8, 81, 'Doloribus excepturi aperiam vero laudantium et asperiores. Nemo ea explicabo pariatur facilis reiciendis asperiores. Iusto ut dolores pariatur at animi. Placeat iste aliquid maiores est.', '1990-10-27 13:57:27'),
(809, 5, 81, 'Ut perferendis et aut vero sed. Et autem et deserunt velit quibusdam sed reprehenderit. Quasi magni at earum alias. Cumque vel id dolorem voluptas asperiores ut voluptatem.', '1999-05-16 17:30:41'),
(810, 13, 81, 'Quidem qui molestias blanditiis similique unde ad. Maxime voluptas tenetur quos fuga corporis fugiat. Voluptatibus animi cum in.', '1985-01-25 12:06:34'),
(811, 11, 82, 'Amet et ipsa accusamus aut. Quos rerum voluptatem unde. Provident nulla possimus consectetur totam modi et. Sunt ad esse consequatur.', '1982-05-20 06:31:50'),
(812, 4, 82, 'Impedit aut eveniet consequatur est suscipit. Atque occaecati dolores qui dolores voluptatem. Voluptate mollitia molestias distinctio eligendi non consequuntur.', '1985-12-02 16:02:11'),
(813, 9, 82, 'Totam neque quod voluptas totam mollitia labore eveniet. Et expedita quo qui qui nam. Deserunt et commodi dolores ducimus excepturi rerum.', '1989-12-28 23:03:08'),
(814, 14, 82, 'Consectetur harum voluptate et. Voluptas aut dolor qui laboriosam fugiat. Eos sit voluptatem eos et. Ea ab doloribus veniam labore fugiat.', '2004-07-07 12:17:50'),
(815, 13, 82, 'Provident alias deserunt quibusdam et non odio voluptas. Quas amet architecto veritatis omnis repellendus et ut et.', '2016-07-04 17:30:39'),
(816, 7, 82, 'Esse est dolorem rem labore aspernatur voluptatem tenetur. Alias quibusdam ea voluptas qui. Autem repellat maiores omnis iure. Voluptatibus optio laborum ut.', '1974-08-28 12:21:56'),
(817, 9, 82, 'Ut est nemo dolor voluptate. Doloremque cupiditate ut tempora provident. Blanditiis unde libero asperiores quidem quaerat accusantium laboriosam. Fugiat at ea laudantium placeat enim doloribus.', '1993-03-22 02:29:14'),
(818, 12, 82, 'Exercitationem voluptatum voluptas voluptas maiores qui voluptatem. Quos nihil accusantium nobis. Officiis ipsam doloribus error veritatis iure autem.', '1988-01-06 12:33:48'),
(819, 10, 82, 'Aut sunt laudantium voluptas enim aspernatur rerum. Repudiandae aut quia dignissimos maiores. Fugit aliquid nihil repellat id et ullam et. Quo saepe voluptatem aut minima dolorum porro.', '1981-04-22 14:56:53'),
(820, 3, 82, 'Nihil eos harum molestias quia corrupti doloribus. Et sit commodi itaque quisquam rem. Quia dignissimos et optio vel.', '2013-04-07 17:00:25'),
(821, 14, 83, 'Asperiores aut eum et nesciunt sint esse. Et dolorum velit dolore aut praesentium dolor non tempore. Et laudantium ullam dolores error ut perspiciatis.', '2013-09-19 00:56:42'),
(822, 8, 83, 'Explicabo consequatur veniam officiis harum molestias quaerat rerum. Aliquam dignissimos et qui incidunt. Aspernatur dolorem dolore voluptas minus blanditiis illo sed.', '2006-08-30 23:26:17'),
(823, 12, 83, 'Harum voluptatem laudantium voluptatem eos voluptatem. Fugiat voluptatem sed ut aut deleniti labore. In neque molestiae numquam possimus voluptatum. Temporibus dolor eum maxime laudantium.', '1992-05-14 22:45:54'),
(824, 4, 83, 'Earum aut vel molestias odio nisi. Fuga itaque corporis expedita maxime id. Earum hic fuga eveniet sequi impedit blanditiis. Mollitia animi non ea esse labore sint.', '1999-07-27 05:25:11'),
(825, 4, 83, 'Unde voluptatibus cupiditate aliquid ipsam accusantium non. Et et sint ut eligendi sit placeat velit explicabo. Fuga odit sapiente et nihil sed.', '2003-02-04 08:57:12'),
(826, 9, 83, 'Unde sit rerum id ipsa. Quisquam est et odio. Aliquid autem nam repellat fugiat ut vero sit.', '1976-11-21 10:32:33'),
(827, 13, 83, 'Voluptate nihil inventore tempora repudiandae quis. Architecto alias ut vero omnis ratione dolor quos.', '1974-05-07 20:30:54'),
(828, 5, 83, 'Qui quae ipsa quia doloribus explicabo mollitia aliquam. Et quos ut est laudantium. Repellendus soluta id qui adipisci. Accusamus quis illum est.', '1981-01-05 20:28:23'),
(829, 2, 83, 'Et modi enim et soluta voluptatem et. Repellendus sequi laborum vel et. Accusamus velit praesentium veniam ullam.', '2006-06-25 02:51:23'),
(830, 9, 83, 'Esse soluta molestiae nihil et qui. Nihil nisi id praesentium iusto maiores id. Enim et aut laudantium qui enim architecto. Explicabo aut ipsa et blanditiis ratione cupiditate.', '1986-04-12 01:39:09'),
(831, 10, 84, 'Deserunt illo iure corrupti itaque veniam aut ut. Optio autem aspernatur ab sed itaque voluptate. Non sit quam nam rerum.', '1981-08-10 05:33:33'),
(832, 7, 84, 'Nihil sint eaque beatae rem. Inventore voluptas sunt accusamus cumque temporibus natus. Eius sit aliquid assumenda.', '1971-10-28 02:06:50'),
(833, 8, 84, 'Est perferendis nulla voluptate dolores doloremque fugit. Harum animi corporis ducimus autem. Error qui autem dignissimos facere reiciendis magnam quibusdam. Id nisi nihil autem sunt.', '1987-12-05 20:41:52'),
(834, 8, 84, 'Nihil sit sapiente officiis omnis. Maiores maiores suscipit dignissimos illum qui temporibus perferendis. Consequatur commodi blanditiis quo expedita facilis magnam qui.', '2018-09-08 22:26:26'),
(835, 14, 84, 'Cupiditate saepe eum incidunt voluptas maxime dolores nam. Amet expedita est reiciendis dolor. Nostrum aperiam nulla sunt porro sed velit quidem.', '2017-06-04 09:23:07'),
(836, 2, 84, 'Quo sed commodi rerum in et voluptatum quod. Dolorem dicta ut neque expedita non itaque rerum.', '1983-11-08 23:32:07'),
(837, 12, 84, 'Vel aperiam perspiciatis est qui. Et ducimus nam molestias dolor labore dolores et. Minima molestiae aut autem.', '1994-05-24 12:59:45'),
(838, 2, 84, 'Aut dolores et voluptas eius. Sed quia cum est maiores id est et. Perspiciatis consequatur unde est et expedita. Sit modi error eum. Nulla libero sunt est. Libero ipsa magni dolor amet.', '2008-02-28 08:05:55'),
(839, 4, 84, 'Incidunt animi dignissimos porro. Aut velit inventore quaerat quas. A est repellendus ea cum nisi fugit nemo.', '2005-12-06 03:35:45'),
(840, 11, 84, 'Id molestiae perferendis distinctio accusantium. Quo voluptates modi fugit amet. Consequatur quia omnis accusantium minima fuga.', '2006-12-13 13:05:09'),
(841, 6, 85, 'At culpa sed voluptatem quis. Velit est tenetur officiis quia vitae voluptatibus dolores quae. Et et quia quidem illo. Quis autem non doloribus quis nobis officia aut.', '1996-04-30 03:31:45'),
(842, 12, 85, 'Aliquam sit et unde dignissimos sapiente. Deleniti sunt libero et. Impedit porro nisi assumenda rerum ut ad sint. Omnis rerum et error soluta possimus aut.', '1986-11-06 17:52:02'),
(843, 9, 85, 'Veritatis provident ipsam voluptatem voluptas corporis omnis architecto. Rerum et ipsa est. Quaerat debitis nisi beatae amet aliquam animi. Culpa enim rerum omnis ducimus non nihil.', '2015-09-27 13:50:14'),
(844, 12, 85, 'Dolor explicabo et nam quod soluta molestiae. Autem ipsa eaque nihil quam. Earum omnis nisi eius ut sit ea. Eligendi qui atque nihil fugiat odio voluptatem. Consequatur nobis ipsa exercitationem non.', '2007-11-06 14:18:47'),
(845, 6, 85, 'Voluptatem dolorem ut voluptatum laborum libero aut. Et eos ut aut et non assumenda harum. Officia sit ut voluptatum pariatur officia. Sunt voluptatem inventore repellat amet aut est.', '1994-11-17 22:54:05'),
(846, 11, 85, 'Quia quia veritatis praesentium architecto est eius. Repellendus quas facere omnis modi qui quibusdam.', '2008-01-02 12:41:09'),
(847, 12, 85, 'Dolorem omnis dolorem dolor modi odio. Quasi vel ut placeat perspiciatis corrupti pariatur quisquam. Quis quia optio dignissimos non.', '1988-02-26 00:32:12'),
(848, 5, 85, 'Non provident maxime quia inventore. Inventore illo qui fugit unde. Sapiente maiores est reprehenderit voluptatem et totam sed.', '1980-05-27 14:15:13'),
(849, 10, 85, 'Earum optio dolore ipsam quod vero corporis. Sit perspiciatis ipsa ipsum qui doloribus. Quasi vitae vel hic dolorem placeat rerum quas.', '2009-03-06 06:10:37'),
(850, 14, 85, 'Enim voluptatem tempora tempora quam. Hic delectus nisi rerum vero aspernatur. Tempore dolorum iusto corrupti asperiores vel minima. Itaque sit veritatis eos earum.', '2017-06-09 12:52:35'),
(851, 3, 86, 'Neque ex odit incidunt ut provident. Quo omnis quas dolorem et eos. Beatae animi tenetur explicabo quod impedit.', '1976-05-21 19:27:41'),
(852, 11, 86, 'Necessitatibus quas ut ad voluptatibus magnam qui repellendus. Ullam fugiat vitae eum et dolorem. Quia ut quis omnis eos odit. Accusantium voluptate sint maiores ad.', '1979-04-19 23:25:38'),
(853, 9, 86, 'Enim velit fugit veritatis. Reiciendis nesciunt unde corporis aut sint molestiae voluptatem tempore. Qui voluptas omnis voluptatum deserunt qui.', '2018-06-16 02:08:12'),
(854, 7, 86, 'Qui aut consequatur quia consectetur aut enim fugit. Delectus non quaerat sunt minus inventore. Dolorum fugiat nemo consequatur deserunt nisi ex enim. Voluptas rerum ex fuga qui.', '1995-09-24 20:35:01'),
(855, 6, 86, 'Dolore iste perferendis minima laudantium et omnis blanditiis. Voluptatem velit autem assumenda iure incidunt. Occaecati magnam nemo dicta eum earum officia.', '1982-11-16 12:23:56'),
(856, 10, 86, 'Natus eligendi et ducimus et facilis atque deleniti. Nihil et est maiores voluptatibus facere. Beatae esse suscipit omnis sapiente qui.', '2019-10-23 18:26:56'),
(857, 13, 86, 'Aut ut veniam repellendus eligendi ut dolorem quae. Harum nulla aut harum totam repellat quis minima. Aut sit voluptatem rem consectetur ut accusamus maxime sunt.', '2008-11-25 10:52:26'),
(858, 3, 86, 'Aspernatur sapiente aut eos molestias rerum. Porro in quia porro cumque eos fuga. Veritatis impedit autem ut repudiandae enim aliquam officiis.', '1980-02-01 12:47:35'),
(859, 3, 86, 'Quidem tempora quia quo sapiente. Saepe et necessitatibus dolorum non non.', '2011-06-12 16:04:47'),
(860, 9, 86, 'Necessitatibus repellendus ut qui quam consequatur. Nesciunt officiis porro et. Quae et impedit id et ipsa et aut. Quia id omnis quia nihil ipsam.', '2019-12-18 20:03:00'),
(861, 12, 87, 'Sit dolores temporibus officia id minus et voluptatem totam. Laboriosam repellat facilis quam reiciendis qui aliquam fugiat. Cum pariatur quo distinctio.', '2007-12-26 23:01:34'),
(862, 13, 87, 'Nihil sint qui pariatur dolor cumque. Dolor corrupti praesentium voluptate aspernatur qui possimus esse consequatur. Atque iste corporis non earum sit. Ut sit aut saepe culpa sunt hic omnis.', '1993-09-09 04:25:40'),
(863, 13, 87, 'Omnis quasi fugiat dignissimos explicabo corporis quia ratione deserunt. Velit quasi illum quam voluptatem accusantium est. Est est nostrum nesciunt velit praesentium.', '2002-02-01 07:05:38'),
(864, 13, 87, 'Maxime in ut dolores quisquam. Maxime quis sit consectetur consequatur numquam aut tempora.', '1973-04-15 00:10:58'),
(865, 7, 87, 'Velit tenetur excepturi soluta dicta rerum laboriosam odit. Et nemo accusamus eum porro nesciunt.', '2018-10-08 04:36:36'),
(866, 5, 87, 'Ullam dicta ut fugiat iste nostrum. Soluta non error quos. Minus minima ullam est occaecati rerum omnis. Qui omnis rerum repudiandae similique. Animi consequatur quis est impedit similique.', '2007-11-22 01:30:47'),
(867, 4, 87, 'Qui soluta est qui accusamus vitae nihil sunt. Vel deserunt voluptatem accusantium ea. Modi eveniet veniam ipsam est quia veritatis.', '1984-11-19 06:56:39'),
(868, 6, 87, 'Qui non aliquam quasi. Iste est aut ut voluptatem asperiores sapiente. Id doloribus aperiam ea enim in voluptates.', '1972-11-06 11:14:14'),
(869, 8, 87, 'Voluptates saepe molestiae dignissimos corporis molestiae eos. Aut consectetur aut quod non rem ad deserunt eum. Quas expedita sint quasi quos laborum iste. Rerum minima sit accusantium vel.', '1972-03-11 21:03:12'),
(870, 10, 87, 'Sunt laudantium est quas. Alias aut vel voluptate qui. Accusantium sed aliquam dolorum voluptates cupiditate. Voluptatem quasi ea consequuntur aliquid ex blanditiis ea.', '2004-07-13 05:25:14'),
(871, 4, 88, 'Ad consequatur quidem accusamus quisquam dicta minima in quibusdam. Voluptas dolores aut vel et voluptas. Officia quia voluptas amet omnis itaque illo tempora veritatis.', '1980-08-26 13:42:32'),
(872, 11, 88, 'Et et non qui at esse aut corporis. Est magni eaque perferendis iste suscipit animi voluptate. Asperiores qui placeat consequatur perferendis.', '1994-01-30 17:04:46'),
(873, 13, 88, 'Rerum nihil aliquid eum. Nemo quos ea harum nostrum optio distinctio. Eum sequi vel possimus.', '2005-12-18 18:27:49'),
(874, 8, 88, 'Corporis repellendus iusto in omnis fuga aut. Qui corrupti et asperiores et in numquam fugit.', '1989-02-20 08:44:42'),
(875, 4, 88, 'Tenetur sit fugiat eveniet repudiandae id nam fugit. Quaerat molestiae reprehenderit sed repudiandae.', '2013-09-22 08:46:21'),
(876, 7, 88, 'Temporibus aut minus repudiandae atque a perspiciatis. Mollitia odio doloribus maxime consequatur. Consequatur et fugiat quisquam ipsa aspernatur magnam.', '1990-07-11 20:51:26'),
(877, 3, 88, 'Cupiditate et praesentium voluptatem ducimus sint voluptatem. Beatae alias aut ipsam mollitia voluptas voluptate. Error aperiam rerum dolor dignissimos quia.', '1974-03-21 04:39:35'),
(878, 9, 88, 'Tenetur saepe eaque dignissimos explicabo illum. Quas aliquam reprehenderit quis amet autem cupiditate sunt. Dignissimos fugit culpa harum aliquid. Quod sequi dolores qui ad.', '1980-02-16 05:24:22'),
(879, 6, 88, 'Quo perferendis repudiandae quia et aut autem ab. Aut qui provident ipsam. Veritatis rem eos quidem velit.', '1999-04-22 22:27:49'),
(880, 5, 88, 'Dicta ab voluptatibus nisi veniam. Asperiores mollitia quod voluptatibus doloremque laboriosam in velit.', '1988-01-13 20:44:36'),
(881, 14, 89, 'Accusamus perspiciatis amet sit dolore ullam. Aliquid sed voluptate architecto neque. Et et quidem ab est eaque eos consequatur. Id dolorem eos tempora consequatur incidunt.', '1985-01-01 08:24:26'),
(882, 9, 89, 'Et exercitationem officiis ut totam nemo sit. Ipsa dolorem repellendus delectus ut dolore illo. Molestiae vel et eius voluptatem. Temporibus qui quas molestiae.', '1997-04-18 07:01:06'),
(883, 11, 89, 'Et dolorem nisi enim consequatur possimus vero rerum. Est ut nisi molestiae rem earum. Reiciendis aliquid harum ullam iusto quos. Alias neque culpa excepturi id fuga eos voluptatem.', '1975-05-08 20:35:14'),
(884, 9, 89, 'Modi et fugit adipisci voluptatem sint. Aut ea quis neque aut eveniet sint. Voluptate consequatur adipisci odio earum voluptatem possimus deleniti perspiciatis. Quos totam aut mollitia ut est dicta.', '1979-12-07 08:22:54'),
(885, 7, 89, 'Quis dolor similique harum rerum. Autem deleniti rerum voluptas explicabo laudantium dolorem sunt. Quaerat aut perspiciatis aut.', '2013-05-04 04:19:01'),
(886, 7, 89, 'Culpa nam non eum omnis aperiam. Dignissimos est non minus non rerum. At harum sit aut quasi.', '1992-10-31 22:05:51'),
(887, 3, 89, 'Ut nisi sunt error aut earum aut praesentium. Magni voluptatem quo perferendis aliquid accusamus. Hic voluptas ut vitae non. Quia minus qui ad error.', '1999-01-22 16:24:09'),
(888, 10, 89, 'Aut maxime provident voluptatem error explicabo magni. Nam atque placeat quis perferendis iusto cum. Eum libero quis non amet saepe ipsum animi.', '1977-11-16 07:59:10'),
(889, 14, 89, 'Incidunt eius quaerat qui sunt voluptate qui. Quibusdam amet non ratione quasi ut sit. In qui exercitationem error.', '2001-04-07 23:28:13'),
(890, 8, 89, 'Est animi consequatur adipisci. Quibusdam molestias nihil et quidem voluptatem quibusdam optio quidem. Nihil et minus voluptas quia placeat corporis autem fugiat.', '1971-07-10 14:16:55'),
(891, 2, 90, 'Iure et esse quo esse ut ducimus voluptas et. Ipsam nostrum excepturi aut velit qui est impedit. Unde repudiandae pariatur quia non non voluptas voluptate.', '2004-03-20 18:53:29'),
(892, 4, 90, 'Recusandae ipsum autem atque dolor. Iure soluta voluptate est impedit ipsam corporis. Porro atque deserunt id laudantium quasi. Tenetur natus tempore a aliquid odio porro necessitatibus.', '1990-10-01 10:38:49'),
(893, 5, 90, 'Placeat ut accusamus nihil porro. Consequatur alias unde vel. Voluptatem ut nemo sed est asperiores non. Quibusdam sapiente dolores unde officia ducimus veniam rerum id.', '2004-07-18 23:39:35'),
(894, 2, 90, 'Mollitia numquam rerum et consectetur officia iusto aliquid sunt. Ut velit error molestiae sit dolore. Dolorem recusandae nesciunt voluptates deleniti et. Et repellat dolorum error commodi ex ab eum.', '1975-12-04 23:14:43'),
(895, 13, 90, 'Eius officia natus sed doloremque perferendis. Porro ipsum sunt ut earum qui. Est labore enim at tempore.', '1997-03-07 19:16:47'),
(896, 8, 90, 'Aut hic voluptas odio consequatur voluptatibus vel. Est nihil quia dolores quo. Voluptas dolorum exercitationem natus exercitationem. Qui quis quod nobis.', '1985-03-15 01:45:03'),
(897, 2, 90, 'Sed quis corporis accusantium et. Quis dolor explicabo magnam et nihil necessitatibus nam. Quisquam suscipit officiis veritatis porro possimus.', '1980-01-08 18:28:09'),
(898, 13, 90, 'Ducimus delectus dignissimos odit ratione repellat unde voluptas. Sunt odit dicta et et vero pariatur et.', '1973-09-23 07:34:07'),
(899, 2, 90, 'Fugiat cum natus debitis. Deleniti similique facilis quaerat sed repellat alias quasi. Animi voluptas aperiam voluptatem aspernatur repellat et fugiat. Minima dolorem id optio vitae quia.', '2001-08-14 17:24:13'),
(900, 6, 90, 'Quis magnam laborum incidunt dignissimos harum voluptas. Laboriosam qui recusandae voluptates veritatis eveniet. Adipisci molestiae cum expedita.', '1980-12-15 01:37:32'),
(901, 2, 91, 'Nobis aliquam repudiandae fugit et. Sunt id deleniti nesciunt aliquid officia. Consequuntur suscipit sit ex quaerat aut et maiores laborum.', '1980-10-24 08:04:49'),
(902, 10, 91, 'Sit alias laudantium in esse enim magnam consequatur. Illo voluptatem at quia voluptatem.', '1981-11-01 12:47:59'),
(903, 13, 91, 'Eum perspiciatis autem quidem velit eius. Facilis ad voluptatibus laudantium vero pariatur.', '1971-03-17 11:41:48'),
(904, 6, 91, 'Ad autem officiis culpa minima aut ut at. Ut consequatur id dignissimos. At cum tempore maxime rerum rem quisquam. Veritatis modi esse aliquid et dolorum.', '1974-03-14 01:58:51'),
(905, 11, 91, 'Dolorem non soluta rerum. Velit debitis delectus veniam facilis.', '1987-04-28 09:58:26'),
(906, 13, 91, 'Suscipit assumenda nesciunt et ut. Dolor molestiae debitis eius. Ea beatae dicta enim. Possimus sunt molestias laborum voluptas officia suscipit quas quasi.', '2005-11-04 17:38:04'),
(907, 13, 91, 'Laudantium et unde tenetur impedit omnis dolor. Exercitationem laboriosam ut ipsa consequatur fugit enim animi.', '2019-10-13 17:34:38'),
(908, 5, 91, 'Quas autem corrupti id est. Aut aut vel incidunt illum molestiae. Ut excepturi consequatur culpa id ullam. Et voluptates voluptatem quis est qui laborum.', '2015-09-30 15:05:26'),
(909, 2, 91, 'Praesentium non hic minima soluta veniam. Omnis minus doloremque eaque aut velit. Minus officia ut qui et dicta. Ea voluptatem qui corporis aut dolores sunt.', '1997-08-11 12:34:17'),
(910, 9, 91, 'Nihil quaerat aliquid sunt adipisci. Id mollitia enim autem. Et et odit a optio voluptas qui beatae. Sunt delectus consectetur enim ea quia.', '1971-08-25 15:04:41'),
(911, 5, 92, 'In sint pariatur et et aut tenetur quos. Aut nostrum rerum officia rem. Est totam saepe et earum aspernatur. Aliquid pariatur sed non rerum quod at.', '1994-11-15 07:49:14'),
(912, 14, 92, 'Repellat quia et rerum sit. Ratione qui asperiores reiciendis. Recusandae enim dolor quaerat quia voluptates veritatis. Rerum velit ea aspernatur vel.', '2016-09-28 20:11:56'),
(913, 12, 92, 'Nam inventore quis doloremque labore iure veniam qui. Distinctio aut qui autem est. Enim consequuntur sequi neque quasi et recusandae. Et voluptatem qui dolores aspernatur aut provident.', '1988-03-21 20:49:58'),
(914, 6, 92, 'Est occaecati non sed in unde atque. Suscipit nihil qui est doloribus quaerat sequi. Eligendi voluptas quo explicabo ea.', '1977-11-22 21:56:43'),
(915, 13, 92, 'Enim tenetur id doloremque error labore omnis. Facilis est ut dolores sunt sit ut. Veniam facilis ducimus dicta. Ex omnis ut molestiae dolores aut nesciunt.', '1981-02-26 10:26:16'),
(916, 7, 92, 'Dolores maxime voluptatibus consequatur voluptatem. Repudiandae omnis non possimus dolorem porro est officiis.', '2002-09-08 02:10:20'),
(917, 11, 92, 'Praesentium sed molestiae odit nihil. Culpa minus mollitia voluptatibus odit. Commodi dolor fugiat repudiandae quibusdam facere qui praesentium.', '2014-06-14 09:01:08'),
(918, 2, 92, 'Ullam ut cumque eum consequatur nulla. Illum veritatis alias quis ratione dolor. Fuga et optio quia eius veniam quia necessitatibus.', '1980-08-24 23:48:30'),
(919, 8, 92, 'Consectetur vitae nesciunt quos dolor ratione sunt. Enim ut adipisci aut est possimus consectetur dolorem ea.', '1970-07-01 02:25:14'),
(920, 6, 92, 'Totam sapiente sit aut architecto porro. Ipsum unde amet amet repudiandae ratione. Occaecati est non velit odit animi nostrum occaecati.', '1984-05-15 03:23:39'),
(921, 13, 93, 'Est repellat non a mollitia vero quia nemo. Incidunt adipisci et soluta eaque commodi. Et ea amet cupiditate dolore quasi rem et. Odio pariatur odio amet est.', '1977-08-29 03:45:56'),
(922, 8, 93, 'Quisquam quae a ut eos explicabo pariatur. Quia est cupiditate et quasi illo. Rerum enim blanditiis ea pariatur.', '1978-10-22 16:52:58'),
(923, 12, 93, 'Numquam molestias omnis id quos occaecati. Sequi aut beatae sapiente sequi sequi. Non voluptatem neque aliquid omnis ut sunt distinctio.', '1995-11-17 11:19:30'),
(924, 4, 93, 'Nostrum atque ut nobis voluptas ex iusto eaque. Voluptatum consectetur similique accusantium et veritatis maiores non. Doloribus nemo ea voluptatem corporis earum.', '1977-12-01 07:21:28'),
(925, 14, 93, 'Quia laboriosam laborum dolore doloremque excepturi fugit. Consequatur et rerum vel excepturi nisi eum. Expedita beatae eveniet magni quia quia consequatur libero. Ex ea quas et hic facilis eius.', '2017-03-20 13:06:18'),
(926, 11, 93, 'Impedit explicabo voluptate maxime autem. Dolores nisi molestias eius laudantium similique porro. Et sit qui voluptatem et vel libero voluptas.', '2001-01-28 19:50:56'),
(927, 11, 93, 'Error numquam est animi. Voluptas ut ad sed. Odio voluptas eveniet omnis sit quam. Alias ut reiciendis similique iusto quo.', '2015-05-15 21:10:58'),
(928, 14, 93, 'Quia quaerat sint ut autem adipisci corrupti ut. Error sunt ut eligendi. Enim soluta fugiat velit et maxime. Quibusdam voluptatem placeat nostrum quos sed est perspiciatis voluptate.', '1999-11-08 12:44:41'),
(929, 8, 93, 'Consequatur voluptas sapiente voluptate assumenda illum voluptas eos ratione. Eos et doloremque ullam ut quia. Error pariatur et dolorem reiciendis nesciunt.', '1974-08-08 18:05:17'),
(930, 14, 93, 'Magni eius suscipit quis. Dolor quo dignissimos voluptas neque alias maxime libero. Assumenda saepe ducimus ad esse error. Amet et mollitia in repudiandae expedita perferendis.', '2009-02-21 14:27:55'),
(931, 11, 94, 'Omnis mollitia qui esse asperiores sed dolorem. Ab aut voluptatem blanditiis odit sequi. Odit id aut qui.', '2014-02-06 01:15:41'),
(932, 4, 94, 'Illum impedit cum voluptate culpa aperiam error. Est sed animi enim quod magnam. Ipsa dolorem libero ut aliquam magni. Ipsa soluta ut amet animi ut.', '1988-08-04 04:12:20'),
(933, 7, 94, 'Sit molestiae molestiae et consequatur quibusdam et temporibus. Est sit iure nisi asperiores. Vitae id doloribus dolores deleniti.', '1986-09-08 05:47:30'),
(934, 4, 94, 'Quod fugit similique aut quasi suscipit magni dolore. Dignissimos non et sit praesentium consequatur.', '1983-06-11 17:04:28'),
(935, 12, 94, 'Enim laudantium eos libero dolores. Enim consequuntur distinctio cumque et molestiae. Deleniti odit sit maiores placeat modi incidunt. Sit numquam consectetur ut animi et praesentium.', '2011-04-30 17:11:23'),
(936, 5, 94, 'Unde debitis expedita eveniet. Blanditiis cupiditate illum ad veritatis. Quam quia recusandae qui ut placeat sint adipisci. Laudantium amet distinctio rerum animi sed molestiae.', '1995-11-24 03:34:39'),
(937, 11, 94, 'Reiciendis quia necessitatibus aut esse alias voluptatem. Quis velit quia et cupiditate delectus asperiores quia quisquam. Doloribus sed ex ea consequatur.', '2018-08-03 07:38:59'),
(938, 14, 94, 'Reprehenderit quidem possimus maxime eius deserunt. Nulla asperiores aliquam non. Voluptatem est sed doloremque incidunt vel dolore voluptatem.', '2004-02-18 05:24:58'),
(939, 12, 94, 'Modi in quod voluptatem tempore deleniti velit ad. Quo ab et maiores et blanditiis. Sequi possimus dolorum qui illo non velit consequatur. Soluta nulla perspiciatis aut illum laudantium.', '2008-11-18 16:31:25'),
(940, 13, 94, 'Ipsa numquam occaecati et quia repudiandae saepe. Sit occaecati suscipit ea quia minus eius aut. Voluptas accusantium qui rerum nemo blanditiis nostrum. Laboriosam quisquam harum reiciendis pariatur.', '2015-03-16 03:21:07'),
(941, 14, 95, 'Odit in est ut et voluptatem et animi. Magnam quae ea nostrum iure sunt quisquam culpa sed. Voluptas velit rerum qui ab. Ratione incidunt perspiciatis qui dolores iusto.', '1975-06-26 00:42:22'),
(942, 7, 95, 'Suscipit quia quia accusamus eaque aut voluptatem deleniti. Velit illum qui nihil eligendi ratione sequi. Consequatur aperiam consequuntur ipsa aut aut.', '1970-08-30 13:50:23'),
(943, 14, 95, 'Aut qui est fugit expedita ad esse blanditiis. Soluta fuga et dolorem consectetur sunt enim. Est et quae provident saepe. Voluptatem sint et dolor sapiente voluptatum.', '2006-10-15 18:33:52'),
(944, 2, 95, 'Libero aut voluptates eius modi architecto. Cupiditate id a sapiente earum sed ipsam quisquam perspiciatis. Reiciendis illum voluptatem velit aut repellendus placeat.', '1996-12-26 08:59:16'),
(945, 8, 95, 'Voluptatem rem hic aspernatur aut dignissimos. Officia aliquid fugit incidunt ea libero eum cupiditate.', '1991-02-15 01:33:05'),
(946, 10, 95, 'Nesciunt natus a cumque est aliquam architecto. Dolor numquam numquam ut dolore blanditiis mollitia magnam. Ipsam in vel sequi. Officiis provident fugiat sit dolorem. Voluptatem aspernatur sed id.', '1991-02-24 02:03:52'),
(947, 4, 95, 'Quaerat qui esse dolor voluptatem voluptas. Nostrum tenetur aut deserunt qui unde. Cupiditate non sed nobis dolorum. Deleniti culpa aut est dolor beatae.', '1987-08-02 11:08:21'),
(948, 5, 95, 'Optio dolorem rerum aliquam. Eos explicabo molestiae occaecati occaecati sed. Ea dolorem occaecati sint autem animi. Voluptatem labore ex aut.', '1993-09-27 14:19:21'),
(949, 10, 95, 'Optio alias iste optio at expedita accusantium ut. Et ipsa ea maiores nam alias cumque est sed. Iste voluptatum possimus voluptatem omnis. Quidem ducimus nihil veniam ex aut.', '1980-06-26 13:21:47'),
(950, 13, 95, 'Ut totam dolore in voluptates itaque et libero. Sunt id non porro explicabo rem velit quo. Illo a excepturi et dicta debitis placeat pariatur.', '1990-04-09 01:43:03'),
(951, 5, 96, 'Dignissimos a est iste non voluptates qui iste et. Unde enim labore cumque in ab consequatur.', '2009-07-10 15:58:29'),
(952, 7, 96, 'Ut magnam ut dolor aut est. Suscipit ipsum qui saepe explicabo fugiat. Rerum eos sapiente voluptate neque fugiat.', '2005-09-23 07:27:25'),
(953, 3, 96, 'Soluta omnis possimus eum labore quo nihil. Nulla fugit corrupti voluptas ab magnam et sit velit. Repellat labore rem ut sit voluptatum delectus.', '1979-10-20 02:35:24'),
(954, 3, 96, 'Tenetur soluta est eum tempora vitae eveniet ex illum. Repudiandae in ipsam praesentium et delectus ut doloremque. Quidem autem commodi illo dolores et consequuntur qui. Optio iste consequatur qui.', '1999-01-14 16:56:24'),
(955, 5, 96, 'Numquam fugit molestias veritatis tempore. Ut sit earum at ut harum illum eaque. Recusandae consectetur voluptate officiis et est autem. Dolore eligendi placeat culpa.', '1974-05-31 02:52:17'),
(956, 3, 96, 'Quo dolores placeat aliquam qui quaerat. Culpa et consequatur ut modi occaecati.', '1970-12-15 02:34:00'),
(957, 10, 96, 'Quis cum totam magnam. Earum et omnis dicta distinctio velit quaerat similique. Facere enim nihil occaecati illo amet debitis. Earum non velit et nobis omnis est.', '1971-01-31 14:39:40'),
(958, 13, 96, 'Minus sed modi quo accusantium mollitia debitis dolor impedit. Quidem modi ut qui omnis et enim. Nesciunt vel ut doloremque et. Labore deserunt voluptatem quas pariatur cum eum voluptas.', '1983-02-26 16:02:39'),
(959, 3, 96, 'Nobis et dolorum nesciunt in vel dolor dolores. Minus necessitatibus non nulla eveniet illum et. At aperiam aut dolores et quod sed.', '1991-10-23 19:58:31'),
(960, 11, 96, 'Quas eius impedit tenetur aspernatur. Eveniet esse accusamus quam vel et dolores neque. Veritatis cum iste nam ex ipsa.', '2018-08-16 16:16:57'),
(961, 4, 97, 'Cumque quaerat culpa esse quasi omnis. Animi velit blanditiis reiciendis odio accusantium ut. Cumque facilis molestias quo harum sint iure.', '1977-03-17 16:34:48'),
(962, 7, 97, 'Ipsum id deleniti dolor neque praesentium fugit distinctio. Iure quisquam odio reiciendis qui culpa id quidem. Dolorem et maiores laudantium accusamus. Maxime unde aliquam ducimus voluptate.', '2008-01-01 10:23:06'),
(963, 7, 97, 'Vel dolores cumque sapiente totam. Alias nihil est a eveniet eligendi. Quia dolores ut reprehenderit aut.', '2016-05-06 03:05:24'),
(964, 6, 97, 'Aut inventore fugiat ea possimus quia. Aspernatur necessitatibus dolores qui placeat quia. Ut tempora voluptates dignissimos non. Qui repellendus aliquid eius.', '2010-02-24 21:16:02'),
(965, 9, 97, 'Est maxime molestiae rerum tenetur est distinctio. Mollitia est velit voluptatibus et. Dolores quos a iste voluptatem aut quia sit. Nam fugit sit voluptatem iste.', '1990-08-03 00:33:34'),
(966, 12, 97, 'Blanditiis harum quas architecto dolor. Provident sed blanditiis velit nostrum. Vel ullam sit suscipit unde. Id fugit et labore ut possimus aspernatur maiores.', '1989-09-28 14:47:57'),
(967, 5, 97, 'Perspiciatis nihil distinctio et dignissimos sit modi iusto. Mollitia sit est eum corrupti dolorem. Corrupti numquam molestias vel placeat. Sit ut et dolor quo repellendus vitae.', '1996-07-28 11:03:16'),
(968, 3, 97, 'Asperiores dolor qui itaque et accusamus. Dolore vel est voluptas rerum quisquam non. Cumque eligendi possimus in.', '2001-03-06 11:12:45'),
(969, 9, 97, 'Et nemo sit sapiente itaque excepturi. Ut repudiandae quis rerum. Delectus dolor ut nulla explicabo.', '1976-07-11 09:35:52'),
(970, 10, 97, 'Nostrum quis accusamus incidunt aut aut consequatur omnis. Minus aspernatur commodi ut ducimus cum et adipisci.', '2013-12-08 04:46:38'),
(971, 14, 98, 'Laboriosam nobis repudiandae quis eligendi. Enim labore omnis reiciendis voluptas illum delectus amet. Ad consequatur eos sed non soluta.', '2013-05-28 16:36:54'),
(972, 14, 98, 'Exercitationem nam eligendi neque consectetur fugiat in. Dolorem sequi iste nisi nihil beatae incidunt.', '2016-03-06 23:52:59'),
(973, 6, 98, 'Alias illo iure dolor quia nemo. Autem occaecati praesentium hic voluptates ducimus aut.', '1986-11-23 03:24:06'),
(974, 4, 98, 'Ducimus voluptate temporibus enim. Voluptatem id cupiditate maiores qui ut nostrum adipisci in. Et nihil molestiae delectus dolor.', '2007-10-17 01:09:22'),
(975, 7, 98, 'Et tempora qui ea molestiae modi est. Aliquam similique qui eum libero ea ut. Consectetur culpa iure sed et laborum tenetur totam. Impedit voluptatem non sit.', '1988-04-29 13:57:23'),
(976, 13, 98, 'Nisi nulla doloremque neque rerum atque atque qui. Omnis aliquam nulla consequatur tenetur dicta aspernatur. Omnis velit a dolor laboriosam in porro maxime.', '1989-10-16 14:50:11'),
(977, 6, 98, 'Repellendus qui in minima alias dicta. Et dolore nobis quia iusto qui voluptates consectetur quas. Error magnam debitis quas vel impedit ratione.', '1994-12-03 17:30:59'),
(978, 9, 98, 'Voluptas nihil nostrum vero nobis doloribus accusamus. Molestiae quae voluptate qui officiis voluptas non ut. Aperiam sunt ut voluptatem omnis in.', '2010-05-07 16:17:25'),
(979, 2, 98, 'Blanditiis vitae aut cum voluptas nostrum. Dignissimos harum non qui temporibus qui porro.', '2016-07-31 06:12:57'),
(980, 3, 98, 'Quos deserunt non aut. Voluptas magnam assumenda minima architecto incidunt. Ut libero porro distinctio commodi.', '2019-06-26 07:10:56'),
(981, 5, 99, 'Qui omnis inventore dolores occaecati voluptas eius commodi. Qui vitae dolorem omnis iste nihil reprehenderit. Ut aut modi dolor voluptates dignissimos nostrum.', '1971-09-29 08:55:50'),
(982, 11, 99, 'Velit rerum nisi a. Molestiae debitis est aut ut pariatur. Ut rerum et deleniti ut et natus sed.', '1982-03-11 09:08:11'),
(983, 3, 99, 'Fugit dolorem et cumque. Aut suscipit expedita explicabo cumque sit ipsam et. Autem repellat quasi quia cum ipsam consequuntur.', '1987-05-19 09:00:53'),
(984, 11, 99, 'Eos vel asperiores temporibus. Nihil reiciendis minima praesentium labore quas. Cum sequi et perspiciatis consectetur ut hic.', '1987-03-28 23:38:21'),
(985, 2, 99, 'Cupiditate beatae voluptas veniam eum amet eos molestiae. Qui maiores sed aut voluptatem eius rerum. Atque minima voluptatem eligendi tempora eos.', '1973-09-01 13:54:16'),
(986, 2, 99, 'Quos quis quia amet eveniet est vitae. Qui odio accusamus harum qui porro doloribus aut. Aperiam reprehenderit similique officiis ex. Quis voluptatem temporibus ab tempora omnis.', '1976-11-06 12:47:39'),
(987, 2, 99, 'Omnis quaerat impedit ea consectetur deleniti laudantium ut. Repudiandae totam nihil voluptatem blanditiis quibusdam quia. Tempora vel sit laudantium unde.', '2014-05-08 00:01:29'),
(988, 10, 99, 'Molestiae dolorem laborum sint omnis ex culpa quasi eum. Nam voluptates et magnam impedit. Exercitationem deleniti possimus repellendus aut. Molestias dolore dicta occaecati consectetur eaque.', '2011-10-25 15:15:42'),
(989, 13, 99, 'Aut ut reprehenderit aut est cupiditate sed ex ab. Beatae cumque culpa reprehenderit rerum sit adipisci blanditiis. Distinctio aut sed et enim explicabo fugiat sed placeat.', '1983-08-17 08:55:53'),
(990, 4, 99, 'Consequatur praesentium assumenda veritatis ut. Rerum facilis ut quam vero enim vel et. Fugiat tenetur dicta in rerum quia atque id.', '2002-08-23 06:22:41'),
(991, 3, 100, 'Vitae dicta qui modi nesciunt possimus voluptas dolores. Minus vel consequatur quis dolore ut molestias nulla. A cupiditate cumque veniam numquam est eligendi quisquam.', '2014-03-02 02:12:04'),
(992, 7, 100, 'Quibusdam quis consectetur quod voluptas doloribus velit libero earum. Dolore atque est quae repudiandae. Omnis amet rem et sed dicta.', '2012-06-04 02:54:50'),
(993, 5, 100, 'Natus qui quia aut ut vero. Est laudantium et quis quidem sit quia corporis.', '2014-04-22 03:08:46'),
(994, 3, 100, 'Molestiae quo hic minima et commodi id neque. In nihil qui sint ea. Non nisi est ducimus nostrum.', '2002-03-08 12:27:13'),
(995, 6, 100, 'Maiores quasi necessitatibus quaerat error est maxime. Dignissimos dolores nulla ut eos cum id. Pariatur ab et ipsa incidunt sint. Earum laudantium et nihil tenetur.', '2005-09-21 06:30:54'),
(996, 4, 100, 'Fugit reprehenderit quia velit aliquam. Temporibus placeat esse natus. Ea dolorem officia quod fugiat. Quod qui et tenetur voluptatem aspernatur eum. Non dolorum perspiciatis neque qui omnis magni.', '2001-12-02 18:50:43'),
(997, 4, 100, 'Mollitia distinctio odio non doloribus temporibus hic. Non quia ratione vero aperiam. Necessitatibus nulla aut aliquam inventore quo esse. Excepturi dolores minus repellendus vero delectus eaque.', '1992-09-07 07:44:36'),
(998, 13, 100, 'Ipsum ab provident quaerat quaerat enim inventore voluptatibus quo. Ullam rerum dolores nesciunt sapiente sint ipsam. Reiciendis placeat dolorem nemo fugit quod rerum porro aliquid.', '1976-09-21 15:11:31'),
(999, 4, 100, 'Quam sed dolorum excepturi quaerat consequatur. Sint fugiat nesciunt qui ratione aspernatur officia error.', '1987-06-14 08:48:41'),
(1000, 2, 100, 'Eligendi accusantium iure quidem. Dicta ea sequi magni voluptates optio ab recusandae. Assumenda explicabo sed voluptates deleniti. Quia veniam occaecati amet et ab veniam.', '1984-10-13 05:17:15'),
(1001, 11, 101, 'Tempora nam voluptas aut incidunt saepe. Amet quis ut reiciendis laudantium placeat. Ipsam aut aut doloremque explicabo ut.', '2017-12-24 09:56:29'),
(1002, 10, 101, 'Exercitationem excepturi aut ullam earum voluptates. Ea laboriosam accusantium ex placeat est recusandae odio. Corporis est et et qui non nostrum corrupti. Aperiam voluptatum sapiente modi qui.', '1999-07-15 04:28:24'),
(1003, 2, 101, 'Eos maxime aperiam perspiciatis autem qui minus nemo cumque. Aut voluptatem sapiente eos fugit cumque. Quidem aut consequatur dolores assumenda.', '1974-01-31 14:32:16'),
(1004, 9, 101, 'Corrupti molestiae aut voluptatibus placeat et ullam. Quis qui quas explicabo incidunt ut voluptatibus explicabo. Quia ipsum aut delectus omnis.', '1971-01-17 12:43:33'),
(1005, 4, 101, 'Est est eos maxime nisi. Sint officiis reiciendis facilis quibusdam itaque cum officiis. Consequatur quia error ut necessitatibus. Rerum sunt officiis aut expedita itaque beatae.', '1981-06-15 09:32:02'),
(1006, 14, 101, 'Nulla omnis molestiae saepe. Consequatur commodi dignissimos esse. Blanditiis ab dolores fuga quia maiores quasi. Quia velit non perferendis.', '1983-11-27 16:01:12'),
(1007, 9, 101, 'Soluta vel quae quia consequatur aut quaerat ab. Dolorum nulla alias ut nihil illo eveniet ea ut.', '2018-02-04 12:19:35'),
(1008, 5, 101, 'Consequuntur est ut et tenetur et ad aut. Blanditiis et nihil aliquid molestias. Qui labore et dignissimos consequatur cumque libero dolores tenetur. Aut quia dolores et doloremque qui.', '1994-12-29 01:05:52'),
(1009, 9, 101, 'Ullam qui quidem voluptatem aliquid omnis vero. Id temporibus laudantium est aut. Tenetur sed consequatur libero autem ullam.', '1973-08-11 07:28:10'),
(1010, 2, 101, 'Quia nesciunt enim officiis iure. Iusto tempore iste vel quam omnis delectus.', '2019-10-20 16:50:27'),
(1011, 13, 102, 'Qui deserunt quibusdam voluptate dignissimos consequuntur id. Dignissimos et sit doloribus deleniti et totam. Ut assumenda iusto et et.', '2005-03-14 19:41:48'),
(1012, 5, 102, 'Sapiente doloremque consequuntur ea dolore tempore culpa veniam. Qui facere voluptatem totam facilis est reiciendis. Sunt est rerum omnis. Perferendis nam aut enim at et eius.', '1985-08-08 11:07:32'),
(1013, 4, 102, 'Modi debitis sunt dicta a. Atque magni fugit voluptatibus. Laudantium qui repellendus laboriosam libero cumque ea vero.', '2007-08-09 03:36:01'),
(1014, 5, 102, 'Hic aut maxime voluptate et. Animi sit cupiditate provident asperiores sit ut. Consectetur omnis magni odio in animi ab.', '2004-08-31 17:44:06'),
(1015, 5, 102, 'Et et sint sint a dolores. Totam harum quidem commodi dolores architecto vitae. Et voluptas sit optio voluptatem. Vel ut in maxime.', '2005-01-20 00:48:56'),
(1016, 5, 102, 'Nobis ipsam voluptatem quo. Quibusdam ea et hic ad soluta tenetur. Omnis ut sunt facilis perspiciatis. Quo dolor est laborum nam libero. Molestiae praesentium placeat aliquid perferendis omnis.', '2019-12-14 19:28:41'),
(1017, 7, 102, 'Iure nihil possimus voluptatem. Dolor iusto temporibus earum eveniet id. Deserunt esse placeat minima fugit saepe ipsum occaecati.', '1977-10-04 06:58:08'),
(1018, 6, 102, 'Architecto et quia ut et reiciendis voluptatem. Vel qui id ex dignissimos maiores nisi. Dignissimos sequi provident omnis est.', '1980-05-03 10:55:56'),
(1019, 12, 102, 'Eius et tempora sunt aut tenetur quisquam sit. Est quaerat ut ut. Consequatur eos tenetur et animi.', '1996-08-05 10:05:53'),
(1020, 9, 102, 'Eaque libero animi voluptatem quam qui aliquid voluptatem. Blanditiis accusantium minima dignissimos recusandae illo. Nemo voluptas illum nisi neque et non.', '1978-07-29 04:30:18'),
(1021, 12, 103, 'Molestiae rerum dolore debitis. Numquam omnis omnis officia aut quam dolore. Exercitationem iusto dignissimos illum consequatur magni.', '1978-06-01 22:19:39'),
(1022, 11, 103, 'Quidem id eveniet cumque vitae. Distinctio similique voluptatem deleniti odio officia.', '1975-07-03 03:48:12'),
(1023, 12, 103, 'Et cum magnam aut delectus qui. In amet saepe adipisci minus repellat. Iure dolorem magnam voluptatum ab vitae. Aliquid praesentium ipsam ut maiores sint.', '1986-02-27 12:16:27'),
(1024, 9, 103, 'Autem illum eveniet quia aut commodi. At nemo commodi voluptas aut et enim ut doloremque. Molestiae quisquam dolore aperiam repellat aspernatur voluptas delectus.', '1995-03-25 03:34:04'),
(1025, 4, 103, 'Alias a assumenda aliquid. Culpa consequatur veritatis necessitatibus sunt. Veritatis eum quia voluptatem et delectus.', '1984-02-21 20:02:34'),
(1026, 13, 103, 'Dolorem animi amet recusandae debitis enim aut fuga. Rerum consequuntur alias quia. Ut corrupti voluptatibus tenetur consequatur vero dolor. Omnis debitis quas fugit in eos.', '1996-12-17 16:10:05'),
(1027, 9, 103, 'Minima facere qui et et aut dolores eos. Ad nesciunt nihil temporibus accusamus ut. Aut praesentium dolor aliquid ipsam. Rerum nihil inventore nam sit.', '1978-07-28 03:10:53'),
(1028, 9, 103, 'Quam aut beatae sapiente temporibus. Ad qui reprehenderit nihil nobis. Ab tempore et tenetur voluptates ut dolor.', '1992-03-02 03:45:51'),
(1029, 12, 103, 'Ex qui omnis dolores rem ipsa quaerat sint. Omnis deserunt animi quibusdam modi. Enim quibusdam nobis earum.', '1973-02-05 09:20:04'),
(1030, 13, 103, 'Voluptas qui consequatur est eos. A dolor illo iure voluptas natus doloremque. Quae placeat quae non suscipit ipsum. Qui earum rerum vel et.', '1997-02-25 14:51:34'),
(1031, 3, 104, 'Corrupti qui animi omnis repellendus sed suscipit qui. Dolorem ea nemo dolores quas harum. Voluptas adipisci a nam magni voluptas quo. Id eius ut nulla dolore debitis.', '1996-07-01 10:53:35'),
(1032, 13, 104, 'Est tenetur non tempora eius autem autem fuga. Quo est dolores nesciunt magnam facilis nisi omnis quia. Ratione voluptas at voluptas aut. Nihil atque minus vero.', '1991-04-20 17:28:48'),
(1033, 12, 104, 'Ut velit debitis laborum voluptatem incidunt et rerum. Et repudiandae ad omnis est nemo quasi. Eveniet et voluptatibus ipsum expedita.', '1996-10-07 02:00:13'),
(1034, 12, 104, 'Rerum dolores molestiae qui. Et tenetur quam commodi officia in dolorum voluptatibus.', '1992-09-13 17:15:40'),
(1035, 3, 104, 'At corporis minima aliquid et facere qui incidunt qui. Ipsum fugit eos deleniti sint non ut quod voluptas. Omnis cupiditate commodi a quod aliquid.', '2017-08-26 17:13:16'),
(1036, 4, 104, 'Rem voluptatem hic repellendus velit. Cupiditate ratione quod cum maiores vero et. Enim totam est voluptatem velit non.', '1987-07-11 14:38:14'),
(1037, 9, 104, 'Id ad qui architecto sed omnis dolorem earum non. Animi et officiis cupiditate necessitatibus consequatur ad fuga. Sint est occaecati commodi.', '1988-08-17 04:26:24'),
(1038, 6, 104, 'Nulla sed est odit ut qui nesciunt quaerat nihil. Voluptatum quo est amet. Eveniet soluta porro laudantium voluptatem repellat. Est molestiae ipsa sed tempora.', '2006-10-21 00:40:21'),
(1039, 12, 104, 'Nam distinctio laboriosam nobis voluptas veritatis enim. Facere alias perferendis perspiciatis a deserunt. Vel dolores rerum delectus non. Voluptatem voluptatum voluptas nesciunt similique.', '2000-03-11 21:23:50'),
(1040, 10, 104, 'Magnam quis voluptatibus et est quae. Est non in dolorem explicabo. Dolorem voluptas sint suscipit.', '2019-01-02 13:44:07'),
(1041, 9, 105, 'Enim non et aut fuga non. Commodi harum animi ut maxime accusantium eum et. Laudantium perferendis quae illo id ut voluptatem.', '2002-07-08 17:09:24'),
(1042, 9, 105, 'Ullam omnis aut non possimus porro qui magnam. Est voluptatum consequatur consequatur ut corrupti.', '1995-07-06 10:47:30'),
(1043, 14, 105, 'Quam repellat neque iure quia omnis rerum ex neque. Sed dolor delectus enim nam animi quis est. Praesentium dicta corporis architecto illo animi nemo eius. Eius tempora autem id voluptatibus rerum.', '1987-01-03 05:42:44'),
(1044, 12, 105, 'Placeat impedit cupiditate rerum nobis dolores doloribus dolore vitae. Repudiandae quia doloremque eum temporibus. Error porro itaque quibusdam.', '2002-10-07 13:29:02'),
(1045, 4, 105, 'Eum ut iure quas animi hic. Fuga aut facere culpa similique et. Qui alias ipsum sunt occaecati est ut ut. Consequuntur praesentium sunt magni sit voluptatum id voluptatibus dolorem.', '1998-05-02 11:30:10'),
(1046, 5, 105, 'Quaerat occaecati voluptatem aliquam ipsa tempora libero quia. Aliquam voluptas totam sit atque. Ab nostrum labore est omnis facere magnam et et. Sit omnis dolorum aliquid reprehenderit nihil.', '1972-01-25 04:01:27'),
(1047, 8, 105, 'Veritatis eius alias aut nihil temporibus quia. Corrupti magni sit voluptates est quia blanditiis. Quia vero velit aspernatur.', '1991-11-13 00:10:03'),
(1048, 10, 105, 'Nesciunt ut iure maiores voluptas enim odit doloremque voluptatem. Accusamus aut velit corporis odio qui amet et. Deleniti unde molestiae ut nostrum impedit ad expedita.', '2015-01-20 18:29:14'),
(1049, 2, 105, 'Perferendis magni atque praesentium voluptatibus nostrum ut. Corrupti ut laborum rem. Et quibusdam nihil maxime accusantium illo ratione corporis. Recusandae voluptatibus voluptatem ipsa.', '1979-09-27 17:21:42'),
(1050, 10, 105, 'Rerum quia harum qui nihil inventore voluptatem reprehenderit. Sit deleniti explicabo tempore. Quisquam error voluptas et eum qui iste.', '2002-07-15 16:54:09'),
(1051, 6, 106, 'Pariatur labore sint sed dolores est. Consequatur fugit quia excepturi asperiores cumque illo. Sed libero fuga quod tempora ut. Nisi aut blanditiis illum.', '2007-03-17 15:14:45'),
(1052, 13, 106, 'Est dolores et eos dignissimos in. Ut animi corrupti repellendus vitae aut soluta. In quis reprehenderit quidem aut vitae doloribus laboriosam iusto.', '2016-11-17 10:26:05'),
(1053, 3, 106, 'Molestias rerum nihil ab. Sunt et tenetur dolores ducimus eum perferendis quisquam. Porro reprehenderit hic et.', '1970-12-02 21:43:14'),
(1054, 6, 106, 'Amet ut iste quia omnis ab et voluptatum. Ab dolorem quo est magni quia. Saepe incidunt nisi a non dolore vel. Officia qui nulla nemo nostrum soluta et accusamus.', '1990-08-01 09:56:48'),
(1055, 9, 106, 'Aliquid corporis molestias qui tenetur laboriosam veritatis. Ut recusandae aut tenetur et. Et provident dolorem voluptates incidunt consequuntur eos minima.', '2002-08-01 07:27:03'),
(1056, 12, 106, 'Et ipsam iste qui cupiditate sint quia. Aliquam sed ratione et magni eum ut. Iusto pariatur consequatur repudiandae fugit.', '2008-03-14 04:36:42'),
(1057, 9, 106, 'Non iure omnis iure qui provident cumque. Quia dolorem culpa iure eos. Pariatur voluptatem nisi qui eum soluta accusantium ut quia.', '2000-10-23 21:26:08'),
(1058, 7, 106, 'Reiciendis et consequatur et minima sed porro. Incidunt nam accusantium repellendus. Distinctio laboriosam quas est suscipit. Dolorum dolorum consequuntur non aut magni ut et.', '1996-06-30 11:21:15'),
(1059, 5, 106, 'Repudiandae est ipsam non. Suscipit molestiae ut odio. Tempore quam eius corporis aut est odit. Vel repellendus dolores et harum dolore ut.', '2009-03-29 04:51:57'),
(1060, 12, 106, 'Accusantium a labore nemo minus. Dolor adipisci accusantium velit autem sint sit. Expedita assumenda totam nostrum.', '2001-05-10 00:21:50'),
(1061, 6, 107, 'Reiciendis quasi est modi quas ex nihil assumenda. Excepturi aut quia quidem aliquid. Nostrum qui inventore modi ut cum saepe. Dolorum dolor dolor consectetur eius nemo vitae.', '1996-01-31 04:22:37'),
(1062, 3, 107, 'Autem ea dolorem occaecati aut. Non veniam ipsum asperiores et veritatis quod. Eos tempore sint facilis velit sit hic.', '1977-06-22 10:08:46'),
(1063, 7, 107, 'Dolorum quia aliquam nesciunt voluptatum. Vel commodi ea distinctio aspernatur corrupti. Vero blanditiis qui est architecto qui dolores magni.', '2012-11-21 12:44:25'),
(1064, 8, 107, 'Quo minima a praesentium doloribus deleniti suscipit quisquam neque. Recusandae et quidem amet dignissimos tempora. Eius maxime voluptas dignissimos sit aut qui soluta officia.', '2004-05-04 06:58:38'),
(1065, 7, 107, 'Doloremque placeat et at sed qui eaque mollitia. Quia consectetur est consequatur sit molestiae ut excepturi temporibus.', '1999-09-18 07:14:58'),
(1066, 5, 107, 'Perspiciatis sit dolores dolorem ut quis est explicabo. Quo repellendus voluptas tempora accusamus corporis. Quas numquam delectus ipsam quia sunt.', '1989-05-08 16:34:22'),
(1067, 11, 107, 'Sit eius sunt consequuntur odit molestiae similique et. Distinctio occaecati blanditiis necessitatibus et. Aperiam eius et nihil quia quis et dolores.', '2003-09-22 08:24:32'),
(1068, 5, 107, 'Ut est molestias vitae rem. Minus quis ex eaque quos et sit. Quia nobis aperiam aut similique. Dolor velit debitis amet quia vitae ea.', '1997-01-25 19:22:21'),
(1069, 2, 107, 'Qui asperiores reprehenderit blanditiis animi totam fuga quo. Ducimus autem illo laudantium pariatur. Qui et adipisci quod non animi quod ut minima.', '2007-06-09 13:01:28'),
(1070, 9, 107, 'Atque vel omnis dignissimos similique voluptatem nulla est dolorum. Magnam et rem ea dolorem id quod at. Quisquam recusandae iste aliquid libero ut aut. Tempora rem ea magni quos.', '1986-10-22 09:55:20'),
(1071, 3, 108, 'Voluptatum perferendis laborum placeat modi necessitatibus quia et. Ab commodi dolorum architecto sint autem.', '1981-12-12 10:20:16'),
(1072, 11, 108, 'Saepe consequatur molestiae tempora quibusdam. Maiores rerum illum sed doloribus. Voluptatem nemo saepe et et. Recusandae autem eligendi quis aut est consectetur error.', '2001-06-19 10:08:36'),
(1073, 14, 108, 'Asperiores in facilis error et facilis tempora. Praesentium neque est id quo. Maxime fugit illo nostrum.', '2003-11-04 11:13:14'),
(1074, 2, 108, 'Quas aut perferendis et. Dolores mollitia aspernatur tenetur. Quidem quam eum officia occaecati maxime. Qui perspiciatis aut eveniet.', '1975-04-29 06:52:40');
INSERT INTO `post` (`id`, `author`, `topic`, `content`, `date`) VALUES
(1075, 9, 108, 'Qui quas ut omnis ratione. Hic adipisci aliquid eos minima aut corrupti. Eius minima voluptas quia est delectus aut. Ut vel quam quasi et dolores consequatur recusandae.', '1987-12-24 01:46:06'),
(1076, 2, 108, 'Dolorum praesentium sequi id voluptas quisquam excepturi. Reprehenderit reprehenderit reiciendis perferendis molestiae autem et sed. Illum cum fuga excepturi incidunt voluptas.', '1989-05-28 04:15:41'),
(1077, 11, 108, 'Porro et unde exercitationem sint. Eum labore totam fuga fuga. Quaerat molestiae tenetur laudantium fuga expedita unde nesciunt.', '1993-10-17 11:18:06'),
(1078, 6, 108, 'Adipisci minima sed praesentium. Perspiciatis id aut iusto eveniet commodi. Iure ut error sit odio.', '1972-09-08 20:37:44'),
(1079, 12, 108, 'Laboriosam deserunt facilis iste sit quisquam et. Voluptatem dolorem quia voluptas quam repellendus aut. Ut inventore veniam eum rem non.', '1986-12-01 07:25:25'),
(1080, 11, 108, 'Beatae quis expedita et quo. Aut est beatae occaecati totam. Repellat et ullam laboriosam temporibus voluptatem. Cumque delectus ea cumque consequatur qui.', '1974-01-20 07:47:46'),
(1081, 2, 109, 'Temporibus autem iusto maxime voluptatibus quia enim eum dolores. Ut omnis voluptas eum magnam aliquid facere non in. Harum reprehenderit amet incidunt accusantium odit ipsa repudiandae quibusdam.', '1979-11-06 22:58:31'),
(1082, 13, 109, 'Porro nesciunt et id occaecati est molestiae velit. Ut qui ipsum non ea minima delectus. Deleniti modi soluta iusto.', '1998-09-25 07:56:06'),
(1083, 8, 109, 'Repellat consequatur eum temporibus enim harum amet. Dolor et et voluptatum. Maxime et consequatur illo pariatur sunt maiores et.', '2017-11-08 20:43:55'),
(1084, 13, 109, 'Sint quo dolorum blanditiis minus placeat. Rerum nostrum dolore nihil odit error. Aut quia aspernatur perspiciatis quos. Voluptatibus minima quia aliquam voluptas at blanditiis.', '1973-06-20 02:59:40'),
(1085, 11, 109, 'Aut praesentium et qui tenetur. Sed dolorem deleniti necessitatibus nihil quaerat et dolores omnis. Magni recusandae ipsam non omnis iste.', '2010-07-03 21:54:37'),
(1086, 3, 109, 'Inventore est natus laborum officiis. Labore accusantium ut molestiae quis qui. Impedit alias ex autem natus voluptas. Facere maxime architecto qui.', '1991-04-06 08:45:08'),
(1087, 5, 109, 'Ut harum vero facilis reprehenderit. Quia qui laudantium voluptatum et atque fugit. Sit quos et voluptas. Sit repellat et et aliquid.', '2002-11-23 23:16:49'),
(1088, 7, 109, 'Voluptas repellat veritatis et atque veritatis aut non labore. Consequuntur quo in deleniti facere maxime explicabo explicabo. Corporis dolorum ipsum itaque consequatur aut numquam fugiat.', '1999-10-19 10:11:22'),
(1089, 12, 109, 'Hic nihil nisi iusto et voluptas. Voluptas non ea aperiam cupiditate consectetur ipsa. Veniam eligendi eius tenetur odit corrupti sit enim.', '1977-01-01 20:18:39'),
(1090, 8, 109, 'Dolorem quos reiciendis laborum nulla sit id officia temporibus. Accusantium quis est dignissimos dolores natus. Dolorem minima et veniam harum commodi quo ipsum rerum.', '2016-03-23 07:37:46'),
(1091, 8, 110, 'Aut sunt impedit vel unde velit doloribus et earum. Voluptatem quos voluptas qui voluptate aperiam. Dolor reprehenderit alias aut illum sit eaque.', '2007-03-28 00:30:30'),
(1092, 5, 110, 'Accusantium quisquam error natus quasi. Natus eum vel veritatis minima et ut. Quia vel molestias dolores aperiam non.', '1986-02-11 06:30:03'),
(1093, 11, 110, 'Laudantium laboriosam incidunt sed quidem sit. Similique ut nihil perferendis ea a dolores. Ut laudantium molestiae ipsa rerum. Est autem voluptatem ut explicabo non esse cumque.', '1996-12-22 06:06:42'),
(1094, 7, 110, 'Dolorem voluptas sint quibusdam nesciunt. Unde quo qui ut quod non. Quis modi nemo omnis aliquid pariatur. Commodi delectus accusamus ea assumenda itaque in nisi est.', '2020-04-14 13:56:07'),
(1095, 12, 110, 'Eum qui quia blanditiis maiores. Et aut totam numquam. Hic corporis earum consequatur quos quasi. Corporis alias aut optio non.', '1981-07-05 18:59:36'),
(1096, 6, 110, 'Ipsum aspernatur voluptatem enim beatae. Perferendis quo amet animi nihil et voluptatem molestiae ipsa. Mollitia non voluptatem error ad distinctio quis iure.', '2002-06-06 14:52:00'),
(1097, 6, 110, 'Voluptatem aut nemo maiores quis autem iure. Voluptatem fuga iste laborum eveniet a voluptas. Et earum consequatur fugit quam nisi tenetur nobis.', '1974-02-18 17:57:57'),
(1098, 8, 110, 'Ex qui tenetur eius porro praesentium fugit. Et deserunt quis sit mollitia voluptatem sint ex. Eligendi est voluptate est possimus. Necessitatibus labore temporibus ipsum excepturi.', '1974-05-13 04:59:41'),
(1099, 13, 110, 'Maiores possimus non ut sit at odit quos. Dicta et accusamus et omnis.', '1993-03-26 02:04:19'),
(1100, 2, 110, 'Vero temporibus voluptas iste debitis expedita maxime doloremque. Nulla non et qui veniam non et necessitatibus. Sint quaerat et consequatur. Quia ut dolor perferendis quis. Amet quam sunt omnis quo.', '1988-05-12 19:31:24'),
(1101, 17, 1, 'Hi how are you', '2020-07-13 12:23:29'),
(1102, 17, 1, 'Yes', '2020-07-14 12:07:37'),
(1103, 17, 1, 'Test', '2020-07-21 15:22:03'),
(1104, 17, 10, 'I don\'t khow', '2020-08-06 22:37:51'),
(1105, 17, 7, 'Ok, iwill sarch a solution', '2020-08-06 22:52:00');

-- --------------------------------------------------------

--
-- Table structure for table `question`
--

CREATE TABLE `question` (
  `id` int(11) NOT NULL,
  `quiz_id` int(11) NOT NULL,
  `content` varchar(255) COLLATE utf8_unicode_ci NOT NULL,
  `response1` varchar(255) COLLATE utf8_unicode_ci NOT NULL,
  `response2` varchar(255) COLLATE utf8_unicode_ci NOT NULL,
  `response3` varchar(255) COLLATE utf8_unicode_ci NOT NULL,
  `response4` varchar(255) COLLATE utf8_unicode_ci NOT NULL,
  `response5` varchar(255) COLLATE utf8_unicode_ci NOT NULL
) ENGINE=InnoDB DEFAULT CHARSET=utf8 COLLATE=utf8_unicode_ci;

--
-- Dumping data for table `question`
--

INSERT INTO `question` (`id`, `quiz_id`, `content`, `response1`, `response2`, `response3`, `response4`, `response5`) VALUES
(1, 1, 'What is your name ?', 'My name is ', 'I am ', 'It is', 'He calls me', 'My name is '),
(2, 2, 'How old are you?', 'My age is', 'This is', 'I am', 'It is', 'I am'),
(3, 3, 'what is the past participal of verb go', 'going', 'went', 'been', 'gone', 'gone'),
(4, 4, 'Eaque voluptatibus explicabo dolorem sunt recusandae.', '', '', '', '', ''),
(5, 5, 'Fugit illo exercitationem ea.', '', '', '', '', ''),
(6, 5, 'Id aut a consequuntur temporibus aperiam consequatur.', '', '', '', '', ''),
(7, 5, 'Modi libero voluptas amet assumenda quia laboriosam.', '', '', '', '', ''),
(8, 5, 'Error officia illum accusamus similique facilis in animi dignissimos.', '', '', '', '', ''),
(9, 5, 'Ipsum enim nesciunt assumenda nemo ut sit quo.', '', '', '', '', ''),
(10, 6, 'Ut id veritatis aperiam eum dolor sunt.', '', '', '', '', ''),
(11, 7, 'Illum exercitationem dolores aut eveniet sunt et.', '', '', '', '', ''),
(12, 8, 'Doloribus perspiciatis modi amet quod rerum.', '', '', '', '', ''),
(13, 8, 'Veritatis soluta est aut laborum ipsam voluptas aut id.', '', '', '', '', ''),
(14, 9, 'Molestiae neque nisi sunt quam fugiat voluptatem quae.', '', '', '', '', ''),
(15, 10, 'Doloremque labore maxime dolore cupiditate nihil animi.', '', '', '', '', '');

-- --------------------------------------------------------

--
-- Table structure for table `quiz`
--

CREATE TABLE `quiz` (
  `id` int(11) NOT NULL,
  `course_id` int(11) NOT NULL,
  `name` varchar(255) COLLATE utf8_unicode_ci NOT NULL
) ENGINE=InnoDB DEFAULT CHARSET=utf8 COLLATE=utf8_unicode_ci;

--
-- Dumping data for table `quiz`
--

INSERT INTO `quiz` (`id`, `course_id`, `name`) VALUES
(1, 1, ''),
(2, 1, ''),
(3, 1, ''),
(4, 10, ''),
(5, 8, ''),
(6, 7, ''),
(7, 7, ''),
(8, 9, ''),
(9, 10, ''),
(10, 9, '');

-- --------------------------------------------------------

--
-- Table structure for table `quiz_attempt`
--

CREATE TABLE `quiz_attempt` (
  `id` int(11) NOT NULL,
  `student_id` int(11) NOT NULL,
  `quiz_id` int(11) NOT NULL,
  `date` datetime NOT NULL,
  `score` double NOT NULL,
  `is_complete` tinyint(1) NOT NULL
) ENGINE=InnoDB DEFAULT CHARSET=utf8 COLLATE=utf8_unicode_ci;

--
-- Dumping data for table `quiz_attempt`
--

INSERT INTO `quiz_attempt` (`id`, `student_id`, `quiz_id`, `date`, `score`, `is_complete`) VALUES
(1, 17, 1, '2020-07-17 13:36:23', 0, 1),
(2, 17, 2, '2020-07-17 13:36:34', 10, 1),
(3, 17, 3, '2020-07-17 13:36:45', 10, 1);

-- --------------------------------------------------------

--
-- Table structure for table `subject`
--

CREATE TABLE `subject` (
  `id` int(11) NOT NULL,
  `name` varchar(150) COLLATE utf8_unicode_ci NOT NULL,
  `icon` varchar(150) COLLATE utf8_unicode_ci NOT NULL
) ENGINE=InnoDB DEFAULT CHARSET=utf8 COLLATE=utf8_unicode_ci;

--
-- Dumping data for table `subject`
--

INSERT INTO `subject` (`id`, `name`, `icon`) VALUES
(1, 'Mathématiques', 'icon_math'),
(2, 'Français', 'icon_fr'),
(3, 'Anglais', 'icon_en'),
(4, 'Espagnol', 'icon_esp'),
(5, 'Histoire', 'icon_his'),
(6, 'Géographie', 'icon_geo'),
(7, 'SVT', 'icon_svt'),
(8, 'Economie', 'icon_eco');

-- --------------------------------------------------------

--
-- Table structure for table `subscription`
--

CREATE TABLE `subscription` (
  `id` int(11) NOT NULL,
  `student` int(11) NOT NULL,
  `level` int(11) NOT NULL,
  `date_start` datetime NOT NULL,
  `date_end` datetime NOT NULL,
  `is_active` tinyint(1) NOT NULL,
  `price` double NOT NULL,
  `type` varchar(250) COLLATE utf8_unicode_ci DEFAULT NULL
) ENGINE=InnoDB DEFAULT CHARSET=utf8 COLLATE=utf8_unicode_ci;

--
-- Dumping data for table `subscription`
--

INSERT INTO `subscription` (`id`, `student`, `level`, `date_start`, `date_end`, `is_active`, `price`, `type`) VALUES
(1, 3, 3, '2019-02-21 00:51:42', '2019-08-21 00:51:42', 0, 31.89, 'Année'),
(2, 6, 3, '2018-02-04 01:47:36', '2018-08-04 01:47:36', 0, 31.89, 'Année'),
(3, 9, 11, '2017-11-27 21:26:02', '2018-11-27 21:26:02', 0, 169.46, 'Année'),
(4, 10, 4, '2020-02-02 03:59:19', '2020-08-02 03:59:19', 1, 127.55, 'Année'),
(5, 11, 1, '2018-04-28 09:37:15', '2018-07-28 09:37:15', 0, 65.61, 'Année'),
(6, 17, 9, '2020-06-23 11:10:55', '2021-06-23 11:10:55', 0, 101.67, 'Année'),
(7, 17, 10, '2020-06-27 22:31:06', '2022-08-27 22:31:06', 0, 136.18, 'Année'),
(8, 17, 4, '2020-06-30 14:40:15', '2020-09-30 14:40:15', 0, 21, 'Année'),
(9, 17, 4, '2020-06-30 14:48:26', '2021-06-30 14:48:26', 0, 84, 'Année'),
(10, 17, 1, '2020-07-06 17:24:55', '2021-01-06 17:24:55', 0, 42, 'Année'),
(11, 17, 10, '2020-07-06 17:28:34', '2021-07-06 17:28:34', 0, 84, 'Année'),
(12, 17, 7, '2020-07-06 17:48:02', '2020-08-06 17:48:02', 0, 7, 'Année'),
(13, 17, 2, '2020-07-07 09:36:30', '2020-08-07 09:36:30', 0, 7, 'Année'),
(14, 17, 6, '2020-07-07 11:22:11', '2021-01-07 11:22:11', 0, 42, 'Année'),
(15, 17, 10, '2020-07-07 23:20:06', '2021-01-07 23:20:06', 0, 42, 'Année'),
(16, 17, 10, '2020-07-10 14:27:59', '2021-01-10 14:27:59', 0, 42, 'Année'),
(18, 17, 1, '2020-07-10 21:21:04', '2020-10-10 21:21:04', 1, 21, 'Année'),
(19, 3, 6, '2020-07-10 22:43:50', '2021-01-10 22:43:50', 1, 31.89, 'Année'),
(20, 17, 1, '2020-07-10 22:49:25', '2020-10-10 22:49:25', 0, 21, 'Année'),
(75, 17, 9, '2020-07-31 20:02:56', '2021-07-31 20:02:56', 0, 67.2, 'Année'),
(76, 17, 9, '2020-07-31 20:11:21', '2021-07-31 20:11:21', 0, 67.2, 'Année'),
(77, 3, 3, '2020-08-03 12:53:22', '2021-08-03 12:53:22', 0, 67.2, 'Année'),
(78, 55, 4, '2020-08-03 17:06:36', '2021-02-03 17:06:36', 1, 37.8, 'Semestre'),
(79, 55, 4, '2020-08-03 17:12:05', '2021-02-03 17:12:05', 1, 37.8, 'Semestre'),
(80, 17, 9, '2020-08-06 23:22:38', '2021-08-06 23:22:38', 1, 67.2, 'Année');

-- --------------------------------------------------------

--
-- Table structure for table `subscription_subject`
--

CREATE TABLE `subscription_subject` (
  `subscription_id` int(11) NOT NULL,
  `subject_id` int(11) NOT NULL
) ENGINE=InnoDB DEFAULT CHARSET=utf8 COLLATE=utf8_unicode_ci;

--
-- Dumping data for table `subscription_subject`
--

INSERT INTO `subscription_subject` (`subscription_id`, `subject_id`) VALUES
(5, 1),
(6, 1),
(8, 1),
(18, 1),
(3, 2),
(6, 2),
(3, 3),
(5, 3),
(6, 3),
(7, 3),
(10, 3),
(15, 3),
(16, 3),
(19, 3),
(20, 3),
(79, 3),
(80, 3),
(1, 4),
(3, 4),
(4, 4),
(7, 4),
(12, 4),
(14, 4),
(2, 5),
(4, 5),
(9, 5),
(11, 5),
(4, 6),
(5, 6),
(4, 7),
(13, 7),
(3, 8),
(75, 8),
(76, 8),
(77, 8);

-- --------------------------------------------------------

--
-- Table structure for table `topic`
--

CREATE TABLE `topic` (
  `id` int(11) NOT NULL,
  `subject` int(11) NOT NULL,
  `author` int(11) NOT NULL,
  `forum` int(11) NOT NULL,
  `title` varchar(255) COLLATE utf8_unicode_ci NOT NULL,
  `content` longtext COLLATE utf8_unicode_ci NOT NULL,
  `date` datetime NOT NULL
) ENGINE=InnoDB DEFAULT CHARSET=utf8 COLLATE=utf8_unicode_ci;

--
-- Dumping data for table `topic`
--

INSERT INTO `topic` (`id`, `subject`, `author`, `forum`, `title`, `content`, `date`) VALUES
(1, 3, 5, 1, 'Incidunt nobis distinctio asperiores doloribus omnis minima ut ut.', 'Ex ut asperiores animi aut et. Suscipit et tenetur quos accusamus qui. Est qui neque quidem et neque delectus molestiae.', '1986-01-09 21:29:44'),
(2, 5, 4, 1, 'Molestias atque accusantium est.', 'Voluptates ut occaecati voluptatem saepe. Nobis qui blanditiis sunt aperiam. Eligendi aut nam excepturi cum nulla sint.', '2016-07-24 01:18:15'),
(3, 5, 12, 1, 'Et dolores rem in esse libero.', 'Reprehenderit consequatur sapiente rerum sequi similique. Qui omnis repudiandae beatae quia est omnis. Architecto iusto expedita in dolores.', '1993-10-23 05:02:01'),
(4, 5, 11, 1, 'Non enim voluptas eum.', 'Fuga rem recusandae pariatur. Necessitatibus adipisci fuga voluptas. Laboriosam delectus voluptas quibusdam doloribus.', '1996-03-08 15:57:25'),
(5, 3, 6, 1, 'Voluptas sed nihil fuga quo vel.', 'Nostrum magni nisi non. Id voluptatem qui qui reprehenderit accusamus. Praesentium ut et magnam eos et.', '2007-07-31 19:26:10'),
(6, 2, 8, 1, 'Illo qui sit saepe officiis est.', 'Illo ipsum soluta ipsam quis et. Quidem nesciunt odio et. Qui rem ullam eum. Quam ut rerum vitae animi.', '1974-01-29 16:40:46'),
(7, 1, 10, 1, 'Quia dolorum ipsum sapiente deleniti ex odio.', 'Fugiat est dignissimos dolores eos et dignissimos quod velit. Illo nihil id et sint aspernatur. Vitae ex ab qui.', '2008-05-01 07:11:12'),
(8, 3, 2, 1, 'Placeat vero et accusantium sit commodi.', 'Eius soluta cupiditate sit iure odit autem. Ut facere et perferendis ut facere. Animi provident at rerum doloribus at.', '2013-04-12 20:24:09'),
(9, 6, 12, 1, 'Est adipisci excepturi repellendus unde magni.', 'Qui earum omnis et accusantium consectetur. Enim omnis corporis voluptate non quam et. Commodi excepturi natus quas ipsa. Error voluptatibus et quam.', '1974-02-16 19:24:20'),
(10, 1, 14, 1, 'Accusantium iusto provident dolorem non necessitatibus excepturi qui.', 'Dolorem iusto autem beatae autem quod. Et aut tempora omnis quo sapiente rerum modi. Sed fugiat laudantium explicabo dignissimos quia.', '1989-07-05 11:19:19'),
(11, 3, 8, 2, 'Dolorum facere quis aut provident iste magnam.', 'Cupiditate facere at et aperiam officiis rerum. Quod quod at cumque rerum optio. Sint ea ea a cum eligendi dicta et.', '2010-01-01 03:01:47'),
(12, 5, 8, 2, 'Laudantium ducimus molestiae corporis.', 'Itaque minus ea atque aperiam. Excepturi temporibus provident magnam asperiores aut sed. Sed quis et quae quia est voluptatibus.', '1970-04-25 20:58:05'),
(13, 6, 5, 2, 'Ipsum et sunt aut nostrum quo ab quas sapiente.', 'Quos quo quos nobis doloremque doloremque quia. Ipsa voluptatem et ut libero sed deserunt est sapiente. Maiores molestiae eaque doloribus cumque.', '1978-10-25 22:30:40'),
(14, 5, 3, 2, 'Sunt et praesentium saepe blanditiis iure aut.', 'Et esse voluptatem odio tempora. Dolor omnis voluptatum veritatis quas non. Asperiores quis animi dolorum. Ab rerum commodi non sed dolorem.', '1976-02-03 18:28:18'),
(15, 5, 10, 2, 'Earum voluptatem pariatur facere quis.', 'Sed voluptate inventore qui ut amet est non. Consequatur non velit et dolorem. Minima aut dolor modi voluptatum.', '1998-04-05 01:24:54'),
(16, 2, 10, 2, 'Quia dignissimos est neque nisi.', 'Voluptatum qui autem ut voluptas aliquid voluptatem. Architecto est sunt deleniti et.', '1995-11-06 13:25:53'),
(17, 6, 10, 2, 'Qui eligendi est eum soluta.', 'Ut ad distinctio excepturi neque et dolores. Omnis in vero sunt officia eveniet. Et qui et voluptas vel.', '1980-05-09 01:52:22'),
(18, 5, 3, 2, 'Ipsum labore quibusdam natus recusandae sed magni.', 'Magni eum velit magni. Ipsum et nihil voluptate id. Illum et maiores et corporis sapiente.', '1971-10-09 13:35:43'),
(19, 5, 10, 2, 'Quis et non iste quos consequatur.', 'Sint harum tempore corporis qui. Quia est incidunt minus libero. Eius nemo qui incidunt et nihil quia praesentium. Accusamus fugit velit quo.', '1979-04-30 21:20:32'),
(20, 5, 11, 2, 'Quidem officiis tenetur facilis vero voluptatem.', 'Fugit velit voluptate deserunt nihil rerum atque. Et aut autem quas veritatis quas accusamus. Dolores molestiae iure delectus.', '1980-05-18 18:42:40'),
(21, 2, 2, 3, 'A expedita saepe optio repudiandae libero.', 'Et et et fugit enim. Reprehenderit nihil quod et natus blanditiis beatae illo similique. Dolores minus numquam pariatur odio optio.', '2000-03-17 07:45:00'),
(22, 1, 8, 3, 'Qui quis nam consequatur odio nesciunt.', 'Velit dolor nulla sed voluptate. Reprehenderit perferendis est laudantium. Et sed eos fuga ut ex est ut. Dolorem ea hic perspiciatis.', '1979-09-21 17:37:34'),
(23, 2, 6, 3, 'Dolorem similique tenetur quo.', 'Aliquam qui quas maxime. Consectetur voluptas facere est consequuntur sit et. Ex architecto asperiores laborum sint voluptatum.', '1993-06-07 07:25:34'),
(24, 4, 8, 3, 'Odio iste expedita dicta atque eos nulla.', 'Enim accusamus quo aut. Aut culpa unde nisi quo repudiandae quasi ratione. Omnis quibusdam nisi quis.', '2012-09-22 09:22:36'),
(25, 5, 11, 3, 'Sunt sint inventore quos error.', 'Delectus velit explicabo ut rerum ab. Eum odit praesentium necessitatibus aut. Sed beatae quis enim minima.', '1989-07-14 07:05:01'),
(26, 1, 11, 3, 'Velit aut consectetur eum illo sed.', 'Ut ut explicabo voluptate dignissimos recusandae dicta unde. Vel perspiciatis fugiat sed blanditiis beatae veniam id.', '1983-01-07 02:59:11'),
(27, 1, 14, 3, 'Dolores aspernatur dolorem est.', 'Harum quis quisquam dolores occaecati. Et est dolores dolorem. Quae est ipsa illo iure voluptatibus minus voluptatem.', '1974-03-26 22:31:54'),
(28, 5, 6, 3, 'Pariatur autem assumenda neque voluptatum ut natus.', 'Labore distinctio error eius numquam eligendi. Voluptatibus asperiores eos voluptatibus id. Laboriosam fugit nulla animi omnis distinctio.', '1992-11-22 18:16:37'),
(29, 3, 5, 3, 'Pariatur harum harum in dolores rem deserunt.', 'Magnam et deleniti recusandae dicta. Eum ut minus dolor magni.', '1982-11-29 08:03:51'),
(30, 1, 8, 3, 'Ut rem eius qui est consequatur.', 'Rerum sapiente unde saepe sapiente temporibus et adipisci aliquid. Odio fugit excepturi corrupti.', '1982-12-05 14:04:10'),
(31, 1, 12, 4, 'Ex nulla enim doloremque nobis odit.', 'Ipsa animi saepe dolores. Nesciunt blanditiis quia et sit dolores maiores. Quis sit fugiat consequatur sit harum.', '1977-10-16 22:47:12'),
(32, 5, 9, 4, 'Sint laboriosam magnam deserunt praesentium.', 'Quaerat sed minus sequi in fugit delectus. Qui iste et tempore neque. Iure architecto ut ducimus laborum illum et.', '1976-11-28 20:07:52'),
(33, 6, 14, 4, 'Et quia possimus harum libero.', 'Saepe reiciendis harum tempora perferendis deserunt quos. Labore vitae est neque quod. Aliquam et recusandae atque voluptas quos aut est.', '1981-03-01 08:31:36'),
(34, 6, 12, 4, 'Eveniet eos ab a in.', 'Ut ut eum beatae quisquam veniam earum quo. Quidem in officia voluptatum dolorem sit.', '1997-07-02 18:47:08'),
(35, 7, 13, 4, 'Minima ut necessitatibus sint animi nostrum.', 'Nulla et quas vel nostrum mollitia voluptates. Non ea qui rerum repellat. Ipsum iste officiis et natus veniam iste quae expedita.', '1972-11-10 08:14:39'),
(36, 1, 6, 4, 'Vel perferendis est ut nulla.', 'Est voluptatibus quia error earum sed facilis sit quia. Quae iusto provident autem omnis in voluptatem ut asperiores. Neque quaerat nisi laborum hic.', '1991-09-11 16:01:34'),
(37, 4, 8, 4, 'Veniam natus vel adipisci laudantium vel.', 'Dolor saepe autem doloribus eum. Aut aut et quae maiores. Asperiores occaecati et dolore laudantium vitae. Expedita autem earum amet ratione maxime.', '2009-10-14 19:46:46'),
(38, 6, 14, 4, 'Reiciendis omnis unde facilis rerum voluptate facere.', 'Aut optio eum nesciunt tempora tempora. Cum repellat pariatur et officiis velit accusantium adipisci. Officiis blanditiis ea sit quo.', '1976-01-10 02:26:03'),
(39, 3, 9, 4, 'Cupiditate dicta maiores aperiam reiciendis illo quod.', 'Unde sunt vel pariatur pariatur. Tempore similique commodi voluptas aspernatur. Accusantium repellendus sunt aut veritatis asperiores.', '1995-09-24 04:17:40'),
(40, 5, 11, 4, 'Incidunt omnis repellendus consequatur illum laudantium.', 'A molestiae qui quasi magni. Dignissimos magni laudantium expedita. Earum provident tempore perferendis aspernatur voluptatem voluptatum deserunt.', '1986-10-10 16:48:00'),
(41, 7, 12, 5, 'Rerum dolor libero ullam aut.', 'Laudantium eos quos molestias totam sunt. Aut repellat qui alias veritatis a. Doloremque illo qui et optio repellat.', '2000-08-29 16:44:22'),
(42, 2, 4, 5, 'Est quos non omnis eligendi.', 'Corrupti distinctio consequatur quibusdam rerum neque. Et consequuntur omnis qui tempore ut sint mollitia.', '2004-03-30 04:55:26'),
(43, 6, 3, 5, 'Quis voluptates quo pariatur excepturi.', 'Est corrupti delectus minima et consequuntur recusandae. Et rerum iure perspiciatis excepturi.', '1994-07-29 08:35:41'),
(44, 6, 9, 5, 'Quas nihil quia placeat dolorem.', 'Explicabo suscipit minima autem. Est et quis deserunt porro. Earum dolorum ut sint impedit error doloremque et voluptate.', '1973-07-22 08:20:20'),
(45, 6, 9, 5, 'Quisquam ut sit voluptas labore et quo.', 'Facilis sequi sequi vitae aut eaque est nesciunt non. Sapiente aut rerum iure rerum. Esse earum aut occaecati sequi et et. Dolor cum ad magni ex.', '1999-03-23 17:56:16'),
(46, 5, 11, 5, 'Quia quia architecto nihil veniam.', 'Velit est ex labore enim quis nihil est. Explicabo alias laboriosam eum veritatis deserunt unde ut harum. Repellat sit unde dolores adipisci aut qui.', '2001-08-28 11:57:54'),
(47, 2, 9, 5, 'Et officiis blanditiis autem autem libero sunt natus.', 'Expedita quidem ab sit pariatur sit qui quia exercitationem. Fuga sit quis consequatur laboriosam aut. Voluptatem facere excepturi quis aliquam.', '1995-07-19 10:56:47'),
(48, 4, 10, 5, 'Illum dicta mollitia accusantium assumenda autem in magnam.', 'Aspernatur ex officiis id magni placeat. Et provident sit placeat aut ut officia deserunt. Temporibus non amet dignissimos iure nobis error.', '2018-01-15 08:50:10'),
(49, 4, 8, 5, 'Et quos tenetur reprehenderit accusantium.', 'Nihil porro sit in ea. Necessitatibus velit recusandae non sed odit doloremque ipsum minus. Molestiae dicta amet cum nostrum.', '1992-05-27 01:11:49'),
(50, 1, 5, 5, 'Voluptates error commodi ducimus perferendis dolores quo.', 'Nemo maiores praesentium molestiae dolorum rem pariatur. Accusantium qui quis et explicabo nulla ipsa.', '2002-12-24 19:31:13'),
(51, 4, 5, 6, 'Et quo blanditiis laboriosam.', 'Natus amet voluptatibus et beatae. Vel ullam ab qui quos iure blanditiis quo hic. Eligendi et nesciunt id facilis.', '1972-06-22 19:13:34'),
(52, 5, 2, 6, 'Dolorem voluptates omnis modi est qui repellendus doloribus.', 'Nemo quod aut sunt nostrum dolor ea quis. Numquam illum adipisci ut voluptates. Omnis itaque non sint odio eos consequatur.', '2001-11-27 12:57:52'),
(53, 3, 7, 6, 'Consequatur hic recusandae quae eum distinctio laboriosam in.', 'Hic quae omnis doloribus nihil et. Et perferendis vero qui quia dicta. Ut nulla alias veniam beatae. Culpa quasi saepe illum nulla.', '1992-04-29 02:10:10'),
(54, 2, 11, 6, 'Sint voluptatem id omnis velit autem quia.', 'Non quae officiis dolorem sapiente fugiat officiis magnam. Unde et perspiciatis nobis ducimus. Sit error quia molestias voluptates est quis.', '1974-08-23 08:36:16'),
(55, 3, 13, 6, 'Eos eligendi officia occaecati aut itaque eligendi.', 'Neque iusto facilis optio. Voluptatem nisi laboriosam corrupti. Quia et illum eos ex praesentium molestiae repellendus.', '1982-04-19 19:16:15'),
(56, 1, 8, 6, 'Quaerat voluptatem sed optio vel voluptatem excepturi ea.', 'Totam tenetur voluptatem minima aperiam id voluptas. Quo molestiae qui repudiandae voluptas. Rerum ea et voluptatem est.', '1998-06-15 11:36:05'),
(57, 2, 5, 6, 'Sit delectus voluptas quia.', 'Ut possimus vitae voluptates aut at ratione. Dolor quia et error expedita nemo tempora. Ut neque non laboriosam delectus.', '1976-03-14 09:25:36'),
(58, 4, 11, 6, 'Quod tempora nemo accusantium doloribus veniam.', 'Nihil nemo porro quisquam quod vitae cupiditate cumque dolore. Itaque a commodi et. Explicabo pariatur quo voluptas est id dicta quia.', '2004-12-18 01:44:33'),
(59, 2, 12, 6, 'Voluptatem id ut velit est et.', 'Doloremque vitae excepturi est ea expedita quia magnam. Aut et quia commodi iure quasi voluptatum quam dolorem.', '1977-04-26 18:13:02'),
(60, 4, 10, 6, 'Nemo qui omnis a dolorem ipsam.', 'Et temporibus enim laboriosam quia. Architecto dolorem accusamus fugit inventore. Culpa et aut fuga et dicta adipisci natus.', '1982-01-06 10:34:57'),
(61, 7, 14, 7, 'Sint maiores perferendis aut sit consectetur qui aut.', 'Voluptate provident et fuga aut eveniet alias minima. Nulla labore et officiis in exercitationem ut. Possimus est sequi earum mollitia et.', '1984-02-02 03:16:44'),
(62, 1, 8, 7, 'Et sunt vitae placeat esse quis et.', 'Modi repellat repellat vero qui aut adipisci qui. Sunt fuga eos quae repudiandae. Maxime dicta molestiae aut earum.', '2010-11-17 09:24:17'),
(63, 5, 14, 7, 'Sunt sequi ab autem voluptatem assumenda.', 'Sit aut ut consequatur. Sit esse pariatur aut dolorum nulla.', '1976-06-18 02:35:55'),
(64, 4, 11, 7, 'Dolorem culpa soluta sequi quia.', 'Voluptate architecto ad at consectetur quisquam assumenda sed. Illum voluptatem voluptatem a aut. Culpa asperiores consequatur error.', '1974-07-14 07:44:36'),
(65, 6, 9, 7, 'Officia accusantium enim perferendis sint.', 'Qui magnam est ipsa doloribus. Nesciunt doloremque id libero. Enim sit error quas voluptas rerum recusandae.', '1976-02-01 16:43:53'),
(66, 5, 14, 7, 'Et tenetur beatae quia incidunt.', 'Incidunt nihil aut esse ad modi dolorem. Eligendi suscipit qui perferendis harum provident nisi. Quia quis assumenda ut.', '1971-01-28 11:10:39'),
(67, 7, 13, 7, 'Tempora omnis et earum et omnis voluptas.', 'Ut qui temporibus rerum suscipit velit quis aut. Laborum dicta sunt eum nam. Incidunt ut repellat dolor numquam unde excepturi nihil repudiandae.', '2010-06-23 00:38:05'),
(68, 6, 8, 7, 'Unde sit ut quis quis voluptatibus.', 'Ducimus deserunt voluptates rem eum culpa. Maiores laboriosam voluptas minima occaecati quis. Ea numquam in adipisci fugit quo ipsa consequuntur.', '1972-04-18 22:12:00'),
(69, 5, 6, 7, 'Iure voluptas distinctio rem tenetur.', 'Nostrum assumenda illum ut sunt. Autem ullam excepturi natus aut. Suscipit eos eum magni et quo.', '1994-12-21 08:55:47'),
(70, 3, 7, 7, 'Quos aut est quae iusto sed rem.', 'Qui nam earum id et inventore possimus. Ipsam odit sint voluptas rem. Sed explicabo sequi officia.', '1970-11-27 21:40:02'),
(71, 6, 13, 8, 'Numquam harum facilis qui et temporibus minus.', 'Dicta possimus aliquam esse esse. Ut id tempora itaque velit ullam. Ut alias est voluptatum cumque corporis magni.', '2018-04-18 03:07:08'),
(72, 1, 10, 8, 'Odit vel aut quam nostrum tenetur aspernatur sit nihil.', 'Tempore provident quibusdam nihil ut dicta dolorum. Nihil aliquid perferendis et voluptatem sit iste aut. Voluptas doloribus voluptatem quis.', '2008-06-04 18:50:19'),
(73, 8, 4, 8, 'Culpa velit illum fugiat recusandae neque cupiditate.', 'Numquam expedita odit magni atque neque veniam. Quasi assumenda sint aspernatur alias nam. Aut modi commodi aliquid facilis.', '2014-07-29 17:17:09'),
(74, 1, 12, 8, 'Enim at alias quae corrupti ut nihil.', 'Sunt sed commodi ad repellendus. Non aliquid sit ratione inventore. Minima molestiae autem recusandae.', '2000-05-27 23:12:09'),
(75, 8, 2, 8, 'Et dolor et quis cum quidem.', 'Consequuntur eaque vel error et qui vero. Labore labore et alias totam. Consequatur asperiores sunt earum perspiciatis illum dicta perferendis.', '2007-05-23 02:18:26'),
(76, 1, 9, 8, 'Quia dolores corrupti ut ullam sunt quia soluta.', 'Optio quas sint autem aut eum. Aut excepturi ut iste rem recusandae sunt nemo aut. Velit nemo ratione necessitatibus.', '1999-03-21 20:11:23'),
(77, 5, 3, 8, 'Impedit illo iure odit impedit ut sapiente magni.', 'Porro ut at deserunt odio perspiciatis. Laborum aperiam quis eum dicta debitis dolorem. Perferendis est nihil atque doloribus.', '1987-12-03 18:21:57'),
(78, 8, 5, 8, 'Voluptas sed ea repudiandae qui placeat.', 'Amet labore velit vero neque ullam aliquid. Eligendi quos quam quis et praesentium ut molestias.', '2014-09-23 10:05:00'),
(79, 1, 7, 8, 'Consequatur ea est neque dolor quis nobis.', 'Animi non eos similique dolores rerum. Quaerat aut expedita dicta pariatur quidem est. Nemo rerum voluptate aut.', '2013-06-24 11:01:48'),
(80, 2, 4, 8, 'Et velit quo earum ipsum distinctio.', 'Nemo nulla corrupti tempore iusto. Sed asperiores modi qui nesciunt eius recusandae. Ex ipsa vitae voluptatem voluptatibus incidunt corporis eum.', '1971-06-19 14:34:54'),
(81, 1, 9, 9, 'Aut deserunt modi minima animi mollitia dolorum.', 'Et deleniti quod est assumenda ut et maxime. Minus architecto sint praesentium alias. Voluptas explicabo est facilis molestias eos.', '1970-03-05 23:05:12'),
(82, 1, 9, 9, 'Laudantium rerum magnam et omnis ducimus.', 'Laborum nesciunt labore voluptatem ea facere quia. Labore sit eveniet ex quas esse. Cupiditate aut impedit accusantium nobis porro quam.', '2009-12-14 08:11:10'),
(83, 1, 14, 9, 'Laudantium quis ipsum ut autem corrupti dolore quos quasi.', 'Soluta facilis itaque cupiditate et. Est exercitationem suscipit et atque officiis est. Ut dolores quisquam numquam neque.', '2008-07-17 08:06:57'),
(84, 3, 13, 9, 'Odit vel ut et porro.', 'Fugit praesentium deserunt totam. Repellendus ut excepturi non reprehenderit mollitia modi quibusdam. Eligendi et voluptatem repudiandae.', '1999-05-12 13:27:42'),
(85, 6, 7, 9, 'Laborum ea itaque veritatis ut assumenda.', 'Aliquam voluptatem aut incidunt neque soluta et. Vel deleniti illum sit expedita.', '2001-01-22 04:10:18'),
(86, 5, 12, 9, 'Consequuntur enim molestias eveniet voluptate unde quia.', 'Aut natus voluptatem explicabo quia sit molestiae odit. Rem quos aut voluptas perspiciatis aut laborum. Doloremque non et aut quidem.', '2004-04-27 11:28:55'),
(87, 6, 3, 9, 'Commodi excepturi fugiat aut quo sunt consequatur voluptatem ad.', 'Omnis aut necessitatibus aut consequuntur. Sit repellendus aspernatur animi veniam nesciunt qui ea.', '2008-07-16 14:10:24'),
(88, 4, 5, 9, 'Itaque officiis dolores quo voluptas quibusdam.', 'Sint est non non. Dolores voluptatem quia enim ipsam impedit tempora labore. Alias sit autem id rem. Et velit praesentium ut dolore quis.', '1990-09-03 18:53:59'),
(89, 1, 5, 9, 'Voluptatibus aut voluptatem quibusdam debitis delectus et.', 'Molestiae voluptatum quo numquam ea. Libero amet quam ut. Adipisci sint omnis et est corrupti. Enim pariatur adipisci aliquam eaque expedita earum.', '2002-07-01 21:16:06'),
(90, 6, 7, 9, 'Optio praesentium quasi enim.', 'Magnam est placeat beatae laboriosam magnam. Architecto soluta placeat dolores. Dolorem dolor voluptatem non magnam amet tempore quos.', '1984-02-23 16:19:28'),
(91, 5, 11, 10, 'Est iste qui recusandae et laudantium aut aut.', 'Architecto consequatur vero aspernatur. Rem eum qui assumenda dignissimos tempora maxime. Possimus corporis inventore impedit quae et consequatur.', '2018-03-17 14:33:26'),
(92, 1, 4, 10, 'Ut doloremque omnis suscipit aliquam non cumque eligendi.', 'Molestiae id eum quia enim dolorem earum deleniti. Animi non et est hic eius minus est et. Rerum minima distinctio officia architecto.', '1979-02-17 04:27:24'),
(93, 1, 11, 10, 'Ad veniam est cum consequatur sint.', 'Optio aut commodi facilis facere occaecati iste facilis rerum. Sed aut ut tenetur et cum eveniet. Est nulla ipsa aut rem.', '2000-01-27 21:53:00'),
(94, 6, 13, 10, 'Ut asperiores et et odio tenetur.', 'Voluptate et voluptatem rem rem iure. Omnis id eos explicabo porro amet ipsa ipsum quia. Possimus fugiat totam ab eum.', '2013-12-06 16:35:19'),
(95, 3, 8, 10, 'Est suscipit voluptatem sit dolorem.', 'Totam dolores ea placeat est. Delectus ut rerum incidunt sapiente aut. Harum accusamus nisi ex rerum exercitationem autem.', '2014-02-25 00:31:47'),
(96, 6, 14, 10, 'Eos asperiores quo quis provident ea odit.', 'Placeat iure ratione dolore ex facere dolore. Quod eum quisquam magni iste animi eligendi nemo.', '1972-08-05 18:52:20'),
(97, 7, 6, 10, 'Quia et sit voluptas nemo.', 'Sit dolorem explicabo aliquam dolorem. Dolore assumenda deserunt aut sit distinctio qui odio. Consequatur tempora quam explicabo magni praesentium.', '1996-04-26 00:09:16'),
(98, 6, 9, 10, 'Doloribus reiciendis voluptatem dolorum.', 'Alias maxime modi impedit modi qui eos sit. A et quis nam animi et repudiandae. Tempore quidem sint et rem aut dolorem.', '1993-02-12 21:08:46'),
(99, 7, 13, 10, 'Distinctio nisi ipsum aut dolores suscipit et ut.', 'Est expedita eos dicta dolores. Ea qui esse tempora quasi. Praesentium sed nemo dolor quis ut.', '1985-03-05 04:10:26'),
(100, 2, 14, 10, 'Porro non corrupti praesentium odio tempore perspiciatis fugiat.', 'Ut ipsum sed ratione est eligendi expedita et. Quas libero libero assumenda non excepturi.', '1990-11-07 02:34:03'),
(101, 2, 6, 11, 'Alias sint consectetur iure repellat.', 'Fuga adipisci necessitatibus ut dolor. Qui nisi mollitia aspernatur. Nulla quas et vel.', '2005-04-18 16:21:09'),
(102, 6, 4, 11, 'Et praesentium voluptas doloribus consequatur.', 'Id modi et eum dolore ut. Rerum laudantium adipisci impedit corporis. Quos suscipit possimus aut. Non laudantium temporibus autem eos saepe ab autem.', '2012-08-27 10:36:24'),
(103, 5, 11, 11, 'Rem adipisci et ex.', 'Voluptate temporibus neque at unde officia quas aliquid hic. Ullam possimus vel non autem. Rem officia est dolorum quia dolorem.', '2003-12-03 01:25:53'),
(104, 1, 4, 11, 'Iure quae tempora sed dolorem nihil.', 'Quasi dolorum laborum repellat molestiae. Repudiandae deserunt fugiat nobis non et laborum aut voluptatem. Voluptatem nostrum aut ut officiis.', '1975-09-11 21:16:34'),
(105, 6, 5, 11, 'Ipsam consequatur voluptatem sed et quia.', 'Voluptatibus fuga voluptatem et eos odio possimus. Omnis ut optio sequi exercitationem aut ex.', '2003-01-06 16:57:53'),
(106, 3, 3, 11, 'Consequatur aut quia rem distinctio.', 'Quia sint praesentium voluptas assumenda omnis. In aut neque eaque enim.', '1999-06-16 05:37:51'),
(107, 5, 2, 11, 'Nihil tempore libero et aspernatur dolorem repellendus.', 'Eius ullam voluptates eligendi reiciendis. Eligendi quod vel qui aperiam. Aut quis fugit et quia rerum dolores.', '1996-06-30 06:17:43'),
(108, 8, 5, 11, 'Magnam natus id delectus est quae ex voluptatem.', 'Ab illo id facere voluptas. Ut maiores odit eaque quibusdam impedit. Autem sequi eligendi consequatur sunt aut omnis repellat asperiores.', '1992-12-25 17:57:21'),
(109, 2, 7, 11, 'Facere eum doloribus sed expedita sit ut quo.', 'Repudiandae omnis rerum officiis hic doloremque a enim. Et commodi commodi suscipit quo et vel. Aliquid possimus et voluptas nulla delectus esse.', '1985-06-08 21:16:47'),
(110, 4, 8, 11, 'Est dolores quia veritatis quis nihil commodi placeat.', 'Sit ex vel natus voluptas. Id sit nihil est. Quis molestiae deleniti modi amet nihil asperiores suscipit ea.', '1976-09-05 08:02:06'),
(111, 3, 17, 3, 'Test2', 'you can test it', '2020-08-11 18:05:16');

-- --------------------------------------------------------

--
-- Table structure for table `video`
--

CREATE TABLE `video` (
  `id` int(11) NOT NULL,
  `course_id` int(11) NOT NULL,
  `name` varchar(150) COLLATE utf8_unicode_ci NOT NULL,
  `description` varchar(255) COLLATE utf8_unicode_ci NOT NULL
) ENGINE=InnoDB DEFAULT CHARSET=utf8 COLLATE=utf8_unicode_ci;

--
-- Dumping data for table `video`
--

INSERT INTO `video` (`id`, `course_id`, `name`, `description`) VALUES
(1, 2, 'Une fois revenu.', 'Elle était morte! Quel étonnement! Quand tout fut vendu, il resta douze francs soixante et dix francs!» -- Cent fois même il courait à chaque minute; mais il se rapprocha d\'elle, et, d\'une voix.'),
(2, 2, 'Dès qu\'il.', 'Est-ce l\'appréhension de l\'inconnu..., l\'effet des habitudes quittées..., ou plutôt...? Non, c\'est l\'excès du bonheur! J\'étais désespérée! j\'ai cru mourir! Je te conterai tout cela, comme si nous.'),
(3, 5, 'Emma attendit Léon.', 'Grumesnil ou les auberges. La sienne était au mois d\'octobre, pensant que le pharmacien en fut indigné, se lança dans la multitude les chaises de la jeune femme tout irritée. Sa figure épouvanta.'),
(4, 10, 'Il portait.', 'Il y avait toujours, près de la cuisine, les malades tousser dans son coeur, comme au contrecoup d\'une ruine qui tombe. À mesure que se serrait contre Rodolphe. Ses yeux, pleins de monde, avait.'),
(5, 1, 'Un agent de police.', 'Il entendait peut-être, mais il applaudissait à tous les fiacres où flottait à la porte! à la dévotion, de s\'élancer dans l\'espoir d\'une vie future où il s\'était tourné vers le printemps, si la.'),
(6, 1, 'L\'idée seule des.', 'Vers le soir, arriva dans le temps qu\'il levait son nez pointu et des bateaux en écales de noisettes, on voyait se lever au vent, il sentit sous sa main sur la solitude lui devenait complètement.'),
(7, 4, 'Taisez-vous donc.', 'Elle le sentait près d\'elle pris par un cordon, palpite à tous ceux qui, durant la semaine, quelque résumé d\'Histoire sainte ou les terrains du Havre, hasarder presque à elle seule des soins tout.'),
(8, 4, 'Imbécile! s\'écria.', 'À ce moment, son existence en sacrifices continuels? Elle se plaça près de comparaître devant Dieu (tu n\'en es point encore plié bagage, que Charles avait prié M. Homais vous en aurez, répétait.'),
(9, 4, 'Mais elle était.', 'Au bout de leurs bouches entrouvertes. L\'amoureux outragé brandissait son épée nue; sa collerette de guipure qui retombait sur elle. Elle serait bien descendue causer avec la bonne, mais une pudeur.'),
(10, 4, 'Le bruit de sabots.', 'Yvetot, avec mademoiselle Léocadie Leboeuf, de Bondeville». Charles, parmi les quartiers de mouton cru, s\'élevaient des piles d\'assiettes qui tremblaient dans leurs entrailles d\'atroces douleurs.');

--
-- Indexes for dumped tables
--

--
-- Indexes for table `answer`
--
ALTER TABLE `answer`
  ADD PRIMARY KEY (`id`),
  ADD KEY `IDX_DADD4A251E27F6BF` (`question_id`),
  ADD KEY `IDX_DADD4A25998666D1` (`choice_id`),
  ADD KEY `IDX_DADD4A25CB944F1A` (`student_id`),
  ADD KEY `IDX_DADD4A25F8FE9957` (`quiz_attempt_id`);

--
-- Indexes for table `choice`
--
ALTER TABLE `choice`
  ADD PRIMARY KEY (`id`),
  ADD KEY `IDX_C1AB5A921E27F6BF` (`question_id`);

--
-- Indexes for table `course`
--
ALTER TABLE `course`
  ADD PRIMARY KEY (`id`),
  ADD KEY `IDX_169E6FB99AEACC13` (`level`),
  ADD KEY `IDX_169E6FB9B0F6A6D5` (`teacher`),
  ADD KEY `IDX_169E6FB9FBCE3E7A` (`subject`);

--
-- Indexes for table `course_content`
--
ALTER TABLE `course_content`
  ADD PRIMARY KEY (`id`),
  ADD KEY `IDX_F6063545591CC992` (`course_id`);

--
-- Indexes for table `desktop_document`
--
ALTER TABLE `desktop_document`
  ADD PRIMARY KEY (`id`),
  ADD KEY `IDX_DCF040BCB944F1A` (`student_id`);

--
-- Indexes for table `document`
--
ALTER TABLE `document`
  ADD PRIMARY KEY (`id`),
  ADD KEY `IDX_D8698A76591CC992` (`course_id`);

--
-- Indexes for table `event`
--
ALTER TABLE `event`
  ADD PRIMARY KEY (`id`),
  ADD KEY `IDX_3BAE0AA7CB944F1A` (`student_id`);

--
-- Indexes for table `exam`
--
ALTER TABLE `exam`
  ADD PRIMARY KEY (`id`),
  ADD KEY `IDX_38BBA6C6591CC992` (`course_id`);

--
-- Indexes for table `exercise`
--
ALTER TABLE `exercise`
  ADD PRIMARY KEY (`id`),
  ADD KEY `IDX_AEDAD51C591CC992` (`course_id`);

--
-- Indexes for table `forum`
--
ALTER TABLE `forum`
  ADD PRIMARY KEY (`id`),
  ADD UNIQUE KEY `UNIQ_852BBECD9AEACC13` (`level`);

--
-- Indexes for table `historic_action`
--
ALTER TABLE `historic_action`
  ADD PRIMARY KEY (`id`),
  ADD KEY `IDX_E43A43B810DAF24A` (`actor_id`);

--
-- Indexes for table `kinship`
--
ALTER TABLE `kinship`
  ADD PRIMARY KEY (`id`),
  ADD UNIQUE KEY `UNIQ_C65064E7CB944F1A` (`student_id`),
  ADD KEY `IDX_C65064E7208F64F1` (`tutor_id`);

--
-- Indexes for table `level`
--
ALTER TABLE `level`
  ADD PRIMARY KEY (`id`);

--
-- Indexes for table `level_subject`
--
ALTER TABLE `level_subject`
  ADD PRIMARY KEY (`level_id`,`subject_id`),
  ADD KEY `IDX_5A661B6523EDC87` (`subject_id`);

--
-- Indexes for table `member`
--
ALTER TABLE `member`
  ADD PRIMARY KEY (`id`);

--
-- Indexes for table `migration_versions`
--
ALTER TABLE `migration_versions`
  ADD PRIMARY KEY (`version`);

--
-- Indexes for table `payment`
--
ALTER TABLE `payment`
  ADD PRIMARY KEY (`id`),
  ADD KEY `IDX_6D28840DA76ED395` (`user_id`);

--
-- Indexes for table `post`
--
ALTER TABLE `post`
  ADD PRIMARY KEY (`id`),
  ADD KEY `IDX_5A8A6C8D9D40DE1B` (`topic`),
  ADD KEY `IDX_5A8A6C8DBDAFD8C8` (`author`);

--
-- Indexes for table `question`
--
ALTER TABLE `question`
  ADD PRIMARY KEY (`id`),
  ADD KEY `IDX_B6F7494E853CD175` (`quiz_id`);

--
-- Indexes for table `quiz`
--
ALTER TABLE `quiz`
  ADD PRIMARY KEY (`id`),
  ADD KEY `IDX_A412FA92591CC992` (`course_id`);

--
-- Indexes for table `quiz_attempt`
--
ALTER TABLE `quiz_attempt`
  ADD PRIMARY KEY (`id`),
  ADD KEY `IDX_AB6AFC6853CD175` (`quiz_id`),
  ADD KEY `IDX_AB6AFC6CB944F1A` (`student_id`);

--
-- Indexes for table `subject`
--
ALTER TABLE `subject`
  ADD PRIMARY KEY (`id`);

--
-- Indexes for table `subscription`
--
ALTER TABLE `subscription`
  ADD PRIMARY KEY (`id`),
  ADD KEY `IDX_A3C664D39AEACC13` (`level`),
  ADD KEY `IDX_A3C664D3B723AF33` (`student`);

--
-- Indexes for table `subscription_subject`
--
ALTER TABLE `subscription_subject`
  ADD PRIMARY KEY (`subscription_id`,`subject_id`),
  ADD KEY `IDX_88DBDEE123EDC87` (`subject_id`);

--
-- Indexes for table `topic`
--
ALTER TABLE `topic`
  ADD PRIMARY KEY (`id`),
  ADD KEY `IDX_9D40DE1B852BBECD` (`forum`),
  ADD KEY `IDX_9D40DE1BBDAFD8C8` (`author`),
  ADD KEY `IDX_9D40DE1BFBCE3E7A` (`subject`);

--
-- Indexes for table `video`
--
ALTER TABLE `video`
  ADD PRIMARY KEY (`id`),
  ADD KEY `IDX_7CC7DA2C591CC992` (`course_id`);

--
-- AUTO_INCREMENT for dumped tables
--

--
-- AUTO_INCREMENT for table `answer`
--
ALTER TABLE `answer`
  MODIFY `id` int(11) NOT NULL AUTO_INCREMENT, AUTO_INCREMENT=4;

--
-- AUTO_INCREMENT for table `choice`
--
ALTER TABLE `choice`
  MODIFY `id` int(11) NOT NULL AUTO_INCREMENT, AUTO_INCREMENT=65;

--
-- AUTO_INCREMENT for table `course`
--
ALTER TABLE `course`
  MODIFY `id` int(11) NOT NULL AUTO_INCREMENT, AUTO_INCREMENT=11;

--
-- AUTO_INCREMENT for table `course_content`
--
ALTER TABLE `course_content`
  MODIFY `id` int(11) NOT NULL AUTO_INCREMENT, AUTO_INCREMENT=6;

--
-- AUTO_INCREMENT for table `desktop_document`
--
ALTER TABLE `desktop_document`
  MODIFY `id` int(11) NOT NULL AUTO_INCREMENT, AUTO_INCREMENT=29;

--
-- AUTO_INCREMENT for table `document`
--
ALTER TABLE `document`
  MODIFY `id` int(11) NOT NULL AUTO_INCREMENT, AUTO_INCREMENT=11;

--
-- AUTO_INCREMENT for table `event`
--
ALTER TABLE `event`
  MODIFY `id` int(11) NOT NULL AUTO_INCREMENT, AUTO_INCREMENT=41;

--
-- AUTO_INCREMENT for table `exam`
--
ALTER TABLE `exam`
  MODIFY `id` int(11) NOT NULL AUTO_INCREMENT, AUTO_INCREMENT=11;

--
-- AUTO_INCREMENT for table `exercise`
--
ALTER TABLE `exercise`
  MODIFY `id` int(11) NOT NULL AUTO_INCREMENT, AUTO_INCREMENT=11;

--
-- AUTO_INCREMENT for table `forum`
--
ALTER TABLE `forum`
  MODIFY `id` int(11) NOT NULL AUTO_INCREMENT, AUTO_INCREMENT=12;

--
-- AUTO_INCREMENT for table `historic_action`
--
ALTER TABLE `historic_action`
  MODIFY `id` int(11) NOT NULL AUTO_INCREMENT, AUTO_INCREMENT=58;

--
-- AUTO_INCREMENT for table `kinship`
--
ALTER TABLE `kinship`
  MODIFY `id` int(11) NOT NULL AUTO_INCREMENT, AUTO_INCREMENT=22;

--
-- AUTO_INCREMENT for table `level`
--
ALTER TABLE `level`
  MODIFY `id` int(11) NOT NULL AUTO_INCREMENT, AUTO_INCREMENT=12;

--
-- AUTO_INCREMENT for table `member`
--
ALTER TABLE `member`
  MODIFY `id` int(11) NOT NULL AUTO_INCREMENT, AUTO_INCREMENT=57;

--
-- AUTO_INCREMENT for table `payment`
--
ALTER TABLE `payment`
  MODIFY `id` int(11) NOT NULL AUTO_INCREMENT, AUTO_INCREMENT=6;

--
-- AUTO_INCREMENT for table `post`
--
ALTER TABLE `post`
  MODIFY `id` int(11) NOT NULL AUTO_INCREMENT, AUTO_INCREMENT=1106;

--
-- AUTO_INCREMENT for table `question`
--
ALTER TABLE `question`
  MODIFY `id` int(11) NOT NULL AUTO_INCREMENT, AUTO_INCREMENT=16;

--
-- AUTO_INCREMENT for table `quiz`
--
ALTER TABLE `quiz`
  MODIFY `id` int(11) NOT NULL AUTO_INCREMENT, AUTO_INCREMENT=11;

--
-- AUTO_INCREMENT for table `quiz_attempt`
--
ALTER TABLE `quiz_attempt`
  MODIFY `id` int(11) NOT NULL AUTO_INCREMENT, AUTO_INCREMENT=4;

--
-- AUTO_INCREMENT for table `subject`
--
ALTER TABLE `subject`
  MODIFY `id` int(11) NOT NULL AUTO_INCREMENT, AUTO_INCREMENT=9;

--
-- AUTO_INCREMENT for table `subscription`
--
ALTER TABLE `subscription`
  MODIFY `id` int(11) NOT NULL AUTO_INCREMENT, AUTO_INCREMENT=81;

--
-- AUTO_INCREMENT for table `topic`
--
ALTER TABLE `topic`
  MODIFY `id` int(11) NOT NULL AUTO_INCREMENT, AUTO_INCREMENT=112;

--
-- AUTO_INCREMENT for table `video`
--
ALTER TABLE `video`
  MODIFY `id` int(11) NOT NULL AUTO_INCREMENT, AUTO_INCREMENT=11;

--
-- Constraints for dumped tables
--

--
-- Constraints for table `answer`
--
ALTER TABLE `answer`
  ADD CONSTRAINT `answer_ibfk_1` FOREIGN KEY (`question_id`) REFERENCES `question` (`id`),
  ADD CONSTRAINT `answer_ibfk_2` FOREIGN KEY (`choice_id`) REFERENCES `choice` (`id`),
  ADD CONSTRAINT `answer_ibfk_3` FOREIGN KEY (`student_id`) REFERENCES `member` (`id`),
  ADD CONSTRAINT `answer_ibfk_4` FOREIGN KEY (`quiz_attempt_id`) REFERENCES `quiz_attempt` (`id`);

--
-- Constraints for table `choice`
--
ALTER TABLE `choice`
  ADD CONSTRAINT `choice_ibfk_1` FOREIGN KEY (`question_id`) REFERENCES `question` (`id`);

--
-- Constraints for table `course`
--
ALTER TABLE `course`
  ADD CONSTRAINT `course_ibfk_1` FOREIGN KEY (`level`) REFERENCES `level` (`id`),
  ADD CONSTRAINT `course_ibfk_2` FOREIGN KEY (`teacher`) REFERENCES `member` (`id`),
  ADD CONSTRAINT `course_ibfk_3` FOREIGN KEY (`subject`) REFERENCES `subject` (`id`);

--
-- Constraints for table `course_content`
--
ALTER TABLE `course_content`
  ADD CONSTRAINT `FK_F6063545591CC992` FOREIGN KEY (`course_id`) REFERENCES `course` (`id`);

--
-- Constraints for table `desktop_document`
--
ALTER TABLE `desktop_document`
  ADD CONSTRAINT `desktop_document_ibfk_1` FOREIGN KEY (`student_id`) REFERENCES `member` (`id`);

--
-- Constraints for table `document`
--
ALTER TABLE `document`
  ADD CONSTRAINT `document_ibfk_1` FOREIGN KEY (`course_id`) REFERENCES `course` (`id`);

--
-- Constraints for table `event`
--
ALTER TABLE `event`
  ADD CONSTRAINT `event_ibfk_1` FOREIGN KEY (`student_id`) REFERENCES `member` (`id`);

--
-- Constraints for table `exam`
--
ALTER TABLE `exam`
  ADD CONSTRAINT `exam_ibfk_1` FOREIGN KEY (`course_id`) REFERENCES `course` (`id`);

--
-- Constraints for table `exercise`
--
ALTER TABLE `exercise`
  ADD CONSTRAINT `exercise_ibfk_1` FOREIGN KEY (`course_id`) REFERENCES `course` (`id`);

--
-- Constraints for table `forum`
--
ALTER TABLE `forum`
  ADD CONSTRAINT `forum_ibfk_1` FOREIGN KEY (`level`) REFERENCES `level` (`id`);

--
-- Constraints for table `historic_action`
--
ALTER TABLE `historic_action`
  ADD CONSTRAINT `historic_action_ibfk_1` FOREIGN KEY (`actor_id`) REFERENCES `member` (`id`);

--
-- Constraints for table `kinship`
--
ALTER TABLE `kinship`
  ADD CONSTRAINT `kinship_ibfk_1` FOREIGN KEY (`tutor_id`) REFERENCES `member` (`id`),
  ADD CONSTRAINT `kinship_ibfk_2` FOREIGN KEY (`student_id`) REFERENCES `member` (`id`);

--
-- Constraints for table `level_subject`
--
ALTER TABLE `level_subject`
  ADD CONSTRAINT `level_subject_ibfk_1` FOREIGN KEY (`subject_id`) REFERENCES `subject` (`id`) ON DELETE CASCADE,
  ADD CONSTRAINT `level_subject_ibfk_2` FOREIGN KEY (`level_id`) REFERENCES `level` (`id`) ON DELETE CASCADE;

--
-- Constraints for table `payment`
--
ALTER TABLE `payment`
  ADD CONSTRAINT `FK_6D28840DA76ED395` FOREIGN KEY (`user_id`) REFERENCES `member` (`id`);

--
-- Constraints for table `post`
--
ALTER TABLE `post`
  ADD CONSTRAINT `post_ibfk_1` FOREIGN KEY (`topic`) REFERENCES `topic` (`id`),
  ADD CONSTRAINT `post_ibfk_2` FOREIGN KEY (`author`) REFERENCES `member` (`id`);

--
-- Constraints for table `question`
--
ALTER TABLE `question`
  ADD CONSTRAINT `question_ibfk_1` FOREIGN KEY (`quiz_id`) REFERENCES `quiz` (`id`);

--
-- Constraints for table `quiz`
--
ALTER TABLE `quiz`
  ADD CONSTRAINT `quiz_ibfk_1` FOREIGN KEY (`course_id`) REFERENCES `course` (`id`);

--
-- Constraints for table `quiz_attempt`
--
ALTER TABLE `quiz_attempt`
  ADD CONSTRAINT `quiz_attempt_ibfk_1` FOREIGN KEY (`quiz_id`) REFERENCES `quiz` (`id`),
  ADD CONSTRAINT `quiz_attempt_ibfk_2` FOREIGN KEY (`student_id`) REFERENCES `member` (`id`);

--
-- Constraints for table `subscription`
--
ALTER TABLE `subscription`
  ADD CONSTRAINT `subscription_ibfk_1` FOREIGN KEY (`level`) REFERENCES `level` (`id`),
  ADD CONSTRAINT `subscription_ibfk_2` FOREIGN KEY (`student`) REFERENCES `member` (`id`);

--
-- Constraints for table `subscription_subject`
--
ALTER TABLE `subscription_subject`
  ADD CONSTRAINT `subscription_subject_ibfk_1` FOREIGN KEY (`subject_id`) REFERENCES `subject` (`id`) ON DELETE CASCADE,
  ADD CONSTRAINT `subscription_subject_ibfk_2` FOREIGN KEY (`subscription_id`) REFERENCES `subscription` (`id`) ON DELETE CASCADE;

--
-- Constraints for table `topic`
--
ALTER TABLE `topic`
  ADD CONSTRAINT `topic_ibfk_1` FOREIGN KEY (`forum`) REFERENCES `forum` (`id`),
  ADD CONSTRAINT `topic_ibfk_2` FOREIGN KEY (`author`) REFERENCES `member` (`id`),
  ADD CONSTRAINT `topic_ibfk_3` FOREIGN KEY (`subject`) REFERENCES `subject` (`id`);

--
-- Constraints for table `video`
--
ALTER TABLE `video`
  ADD CONSTRAINT `video_ibfk_1` FOREIGN KEY (`course_id`) REFERENCES `course` (`id`);
COMMIT;

/*!40101 SET CHARACTER_SET_CLIENT=@OLD_CHARACTER_SET_CLIENT */;
/*!40101 SET CHARACTER_SET_RESULTS=@OLD_CHARACTER_SET_RESULTS */;
/*!40101 SET COLLATION_CONNECTION=@OLD_COLLATION_CONNECTION */;
